#
# A fatal error has been detected by the Java Runtime Environment:
#
#  SIGSEGV (0xb) at pc=0x00007ff82228a6b2, pid=34817, tid=49959
#
# JRE version: OpenJDK Runtime Environment Temurin-23.0.1+11 (23.0.1+11) (build 23.0.1+11)
# Java VM: OpenJDK 64-Bit Server VM Temurin-23.0.1+11 (23.0.1+11, mixed mode, sharing, tiered, compressed oops, compressed class ptrs, g1 gc, bsd-amd64)
# Problematic frame:
# C  [CoreVideo+0x16b2]  CVHWTime::reset()+0x2e
#
# No core dump will be written. Core dumps have been disabled. To enable core dumping, try "ulimit -c unlimited" before starting Java again
#
# If you would like to submit a bug report, please visit:
#   https://github.com/adoptium/adoptium-support/issues
#

---------------  S U M M A R Y ------------

Command Line: -Dfile.encoding=UTF-8 -Dstdout.encoding=UTF-8 -Dstderr.encoding=UTF-8 -XX:+ShowCodeDetailsInExceptionMessages app.BowlingApplication

Host: "MacBookAir10,1" x86_64 (EMULATED) 2400 MHz, 8 cores, 8G, Darwin 24.4.0, macOS 15.4.1 (24E263)
Time: Fri Nov 14 17:20:58 2025 EST elapsed time: 1574.736318 seconds (0d 0h 26m 14s)

---------------  T H R E A D  ---------------

Current thread is native thread

Stack: [0x0000000305ab4000,0x0000000305b34000],  sp=0x0000000305b33df0,  free space=511k
Native frames: (J=compiled Java code, j=interpreted, Vv=VM code, C=native code)
C  [CoreVideo+0x16b2]  CVHWTime::reset()+0x2e
C  [CoreVideo+0x2020]  CVXTime::reset()+0x2c
C  [CoreVideo+0x1d4e]  CVDisplayLink::runIOThread()+0xba
C  [libsystem_pthread.dylib+0x5df1]  _pthread_start+0x63
C  [libsystem_pthread.dylib+0x1857]  thread_start+0xf

siginfo: si_signo: 11 (SIGSEGV), si_code: 1 (SEGV_MAPERR), si_addr: 0x00000000000001c8

Registers:
RAX=0x0000000000000000, RBX=0x00007fc605bbc258, RCX=0x0000000000000000, RDX=0x00007fc605bbc258
RSP=0x0000000305b33df0, RBP=0x0000000305b33e00, RSI=0x00007ff8222a18ec, RDI=0x00007ff85a309b50
R8 =0x00000e2100000000, R9 =0x0002971b00000000, R10=0x0002971b0000c327, R11=0x0000000000000000
R12=0x0000000000000000, R13=0x0000000000000000, R14=0x0000000000000000, R15=0x0000000000000000
RIP=0x00007ff82228a6b2, EFLAGS=0x0000000000000202, ERR=0x0000000000000004
  TRAPNO=0x000000000000000e


Top of Stack: (sp=0x0000000305b33df0)
0x0000000305b33df0:   00007fc605bbc250 0000000000000000
0x0000000305b33e00:   0000000305b33e20 00007ff82228b020
0x0000000305b33e10:   00007fc61700ba20 000000000000c327
0x0000000305b33e20:   0000000305b33fb0 00007ff82228ad4e
0x0000000305b33e30:   0000000000000017 0000000000000000
0x0000000305b33e40:   0000000000000000 0000000000000000
0x0000000305b33e50:   0000000000000000 0000000000000000
0x0000000305b33e60:   0000000000000000 0000000000000000
0x0000000305b33e70:   0000000000000000 0000000000000000
0x0000000305b33e80:   0000000000000000 00007fc61700ba38
0x0000000305b33e90:   0000000000000000 0000000203404410
0x0000000305b33ea0:   0000880100000000 000001f500007571
0x0000000305b33eb0:   000001f500000014 000001f500000014
0x0000000305b33ec0:   0000000000000014 65686e006176616a
0x0000000305b33ed0:   000000007265706c 65686e006176616a
0x0000000305b33ee0:   000000007265706c 0000000000000000
0x0000000305b33ef0:   0000000000000000 0000757100000019
0x0000000305b33f00:   ffffffff00000001 0000000000000000
0x0000000305b33f10:   0000000069175632 00000000000d9eea
0x0000000305b33f20:   00000009d0336000 0000000003f11000
0x0000000305b33f30:   0000000220c5d3cb 000000013f2fc3cd
0x0000000305b33f40:   00000001bc8589f9 00000000b658933c
0x0000000305b33f50:   01d2f9eb00000001 0000045a00004e59
0x0000000305b33f60:   001476dc00234b42 0093974301314125
0x0000000305b33f70:   0000003300373a3e 0000001f00000004
0x0000000305b33f80:   2d0e93efcd1600ab 0000000305b34000
0x0000000305b33f90:   0000000000000000 0000000000000000
0x0000000305b33fa0:   0000000000000000 0000000000000000
0x0000000305b33fb0:   0000000305b33fd0 00007ff818428df1
0x0000000305b33fc0:   0000000000000000 0000000000000000
0x0000000305b33fd0:   0000000305b33ff0 00007ff818424857
0x0000000305b33fe0:   0000000000000000 00007ff7ffc9594c 

Instructions: (pc=0x00007ff82228a6b2)
0x00007ff82228a5b2:   02 00 00 48 89 83 58 02 00 00 48 8b 31 48 8b 0d
0x00007ff82228a5c2:   ba 7f 31 34 48 8b 11 48 89 c7 e8 5b bc 03 00 48
0x00007ff82228a5d2:   c7 83 68 02 00 00 00 00 00 00 48 c7 83 70 02 00
0x00007ff82228a5e2:   00 02 00 00 00 c6 43 10 01 48 8b 05 f6 22 36 34
0x00007ff82228a5f2:   48 8b 00 48 3b 45 e8 75 0c 48 89 d8 48 83 c4 40
0x00007ff82228a602:   5b 41 5e 5d c3 e8 a4 bf 03 00 48 89 c3 4c 89 f7
0x00007ff82228a612:   e8 29 c0 03 00 eb 03 48 89 c3 48 89 df e8 68 bf
0x00007ff82228a622:   03 00 55 48 89 e5 41 56 53 48 89 fb 48 89 37 4c
0x00007ff82228a632:   8d 77 08 4c 89 f7 e8 23 00 00 00 48 c7 43 48 00
0x00007ff82228a642:   00 00 00 c7 43 50 00 00 00 00 0f 57 c0 0f 11 43
0x00007ff82228a652:   58 4c 89 f7 5b 41 5e 5d e9 25 00 00 00 90 55 48
0x00007ff82228a662:   89 e5 48 89 37 48 8b 86 c8 01 00 00 48 89 47 08
0x00007ff82228a672:   0f 57 c0 0f 11 47 10 0f 11 47 20 0f 11 47 2c 5d
0x00007ff82228a682:   c3 90 55 48 89 e5 41 56 53 48 89 fb 48 8b 4f 28
0x00007ff82228a692:   48 8d 35 87 f2 04 00 45 31 f6 bf 04 00 00 00 48
0x00007ff82228a6a2:   89 da 31 c0 e8 90 70 01 00 4c 89 73 28 48 8b 03
0x00007ff82228a6b2:   48 8b 80 c8 01 00 00 48 89 43 08 4c 89 73 30 c7
0x00007ff82228a6c2:   43 38 00 00 00 00 0f 57 c0 0f 11 43 10 4c 89 73
0x00007ff82228a6d2:   20 5b 41 5e 5d c3 55 48 89 e5 41 57 41 56 41 55
0x00007ff82228a6e2:   41 54 53 50 41 89 f6 48 89 fb 89 f7 e8 11 bc 03
0x00007ff82228a6f2:   00 41 89 c7 48 c7 83 b8 01 00 00 e9 03 00 00 48
0x00007ff82228a702:   c7 83 c0 01 00 00 60 ea 00 00 48 8d 05 92 01 08
0x00007ff82228a712:   38 80 38 00 75 05 e8 39 01 00 00 48 8d 05 70 01
0x00007ff82228a722:   08 38 8b 00 f2 48 0f 2a c0 48 8d 05 66 01 08 38
0x00007ff82228a732:   8b 00 f2 48 0f 2a c8 f2 0f 10 15 cf ff 04 00 f2
0x00007ff82228a742:   0f 5e d0 f2 0f 59 d1 f2 48 0f 2c c2 48 89 c1 48
0x00007ff82228a752:   c1 f9 3f f2 0f 5c 15 13 fb 04 00 f2 48 0f 2c d2
0x00007ff82228a762:   48 21 ca 48 09 c2 48 89 93 c8 01 00 00 45 85 ff
0x00007ff82228a772:   0f 84 b6 00 00 00 45 31 e4 45 0f a3 e7 72 0f 41
0x00007ff82228a782:   ff c4 41 83 fc 20 75 f1 41 bc 20 00 00 00 48 8d
0x00007ff82228a792:   35 d3 f1 03 00 bf 01 00 00 00 48 89 da 44 89 75
0x00007ff82228a7a2:   d4 44 89 f1 31 c0 e8 8e 6f 01 00 4c 8d 6b 18 4c 



---------------  P R O C E S S  ---------------

VM state: not at safepoint (normal execution)

VM Mutex/Monitor currently owned by a thread: None

Heap address: 0x0000000780000000, size: 2048 MB, Compressed Oops mode: Zero based, Oop shift amount: 3

CDS archive(s) mapped at: [0x0000000128000000-0x0000000128d8f000-0x0000000128d8f000), size 14217216, SharedBaseAddress: 0x0000000128000000, ArchiveRelocationMode: 1.
Compressed class space mapped at: 0x0000000129000000-0x0000000169000000, reserved size: 1073741824
Narrow klass base: 0x0000000128000000, Narrow klass shift: 0, Narrow klass range: 0x100000000

GC Precious Log:
<Skipped>

Heap:
 garbage-first heap   total reserved 2097152K, committed 184320K, used 169385K [0x0000000780000000, 0x0000000800000000)
  region size 1024K, 66 young (67584K), 1 survivors (1024K)
 Metaspace       used 12992K, committed 13568K, reserved 1114112K
  class space    used 1508K, committed 1792K, reserved 1048576K

Heap Regions: E=young(eden), S=young(survivor), O=old, HS=humongous(starts), HC=humongous(continues), CS=collection set, F=free, TAMS=top-at-mark-start, PB=parsable bottom
|   0|0x0000000780000000, 0x0000000780100000, 0x0000000780100000|100%| O|  |TAMS 0x0000000780000000| PB 0x0000000780000000| Untracked |  0
|   1|0x0000000780100000, 0x0000000780200000, 0x0000000780200000|100%| O|  |TAMS 0x0000000780100000| PB 0x0000000780100000| Untracked |  0
|   2|0x0000000780200000, 0x00000007802e4c58, 0x0000000780300000| 89%| O|  |TAMS 0x0000000780200000| PB 0x0000000780200000| Untracked |  0
|   3|0x0000000780300000, 0x0000000780300000, 0x0000000780400000|  0%| F|  |TAMS 0x0000000780300000| PB 0x0000000780300000| Untracked |  0
|   4|0x0000000780400000, 0x0000000780400000, 0x0000000780500000|  0%| F|  |TAMS 0x0000000780400000| PB 0x0000000780400000| Untracked |  0
|   5|0x0000000780500000, 0x0000000780600000, 0x0000000780600000|100%|HS|  |TAMS 0x0000000780500000| PB 0x0000000780500000| Complete |  0
|   6|0x0000000780600000, 0x0000000780700000, 0x0000000780700000|100%|HC|  |TAMS 0x0000000780600000| PB 0x0000000780600000| Complete |  0
|   7|0x0000000780700000, 0x0000000780800000, 0x0000000780800000|100%|HC|  |TAMS 0x0000000780700000| PB 0x0000000780700000| Complete |  0
|   8|0x0000000780800000, 0x0000000780900000, 0x0000000780900000|100%|HS|  |TAMS 0x0000000780800000| PB 0x0000000780800000| Complete |  0
|   9|0x0000000780900000, 0x0000000780a00000, 0x0000000780a00000|100%|HC|  |TAMS 0x0000000780900000| PB 0x0000000780900000| Complete |  0
|  10|0x0000000780a00000, 0x0000000780b00000, 0x0000000780b00000|100%|HC|  |TAMS 0x0000000780a00000| PB 0x0000000780a00000| Complete |  0
|  11|0x0000000780b00000, 0x0000000780b00000, 0x0000000780c00000|  0%| F|  |TAMS 0x0000000780b00000| PB 0x0000000780b00000| Untracked |  0
|  12|0x0000000780c00000, 0x0000000780c00000, 0x0000000780d00000|  0%| F|  |TAMS 0x0000000780c00000| PB 0x0000000780c00000| Untracked |  0
|  13|0x0000000780d00000, 0x0000000780e00000, 0x0000000780e00000|100%|HS|  |TAMS 0x0000000780d00000| PB 0x0000000780d00000| Complete |  0
|  14|0x0000000780e00000, 0x0000000780f00000, 0x0000000780f00000|100%|HC|  |TAMS 0x0000000780e00000| PB 0x0000000780e00000| Complete |  0
|  15|0x0000000780f00000, 0x0000000781000000, 0x0000000781000000|100%|HS|  |TAMS 0x0000000780f00000| PB 0x0000000780f00000| Complete |  0
|  16|0x0000000781000000, 0x0000000781100000, 0x0000000781100000|100%|HC|  |TAMS 0x0000000781000000| PB 0x0000000781000000| Complete |  0
|  17|0x0000000781100000, 0x0000000781200000, 0x0000000781200000|100%|HC|  |TAMS 0x0000000781100000| PB 0x0000000781100000| Complete |  0
|  18|0x0000000781200000, 0x0000000781200000, 0x0000000781300000|  0%| F|  |TAMS 0x0000000781200000| PB 0x0000000781200000| Untracked |  0
|  19|0x0000000781300000, 0x0000000781300000, 0x0000000781400000|  0%| F|  |TAMS 0x0000000781300000| PB 0x0000000781300000| Untracked |  0
|  20|0x0000000781400000, 0x0000000781400000, 0x0000000781500000|  0%| F|  |TAMS 0x0000000781400000| PB 0x0000000781400000| Untracked |  0
|  21|0x0000000781500000, 0x0000000781500000, 0x0000000781600000|  0%| F|  |TAMS 0x0000000781500000| PB 0x0000000781500000| Untracked |  0
|  22|0x0000000781600000, 0x0000000781600000, 0x0000000781700000|  0%| F|  |TAMS 0x0000000781600000| PB 0x0000000781600000| Untracked |  0
|  23|0x0000000781700000, 0x0000000781700000, 0x0000000781800000|  0%| F|  |TAMS 0x0000000781700000| PB 0x0000000781700000| Untracked |  0
|  24|0x0000000781800000, 0x0000000781803060, 0x0000000781900000|  1%| S|CS|TAMS 0x0000000781800000| PB 0x0000000781800000| Complete |  0
|  25|0x0000000781900000, 0x0000000781900000, 0x0000000781a00000|  0%| F|  |TAMS 0x0000000781900000| PB 0x0000000781900000| Untracked |  0
|  26|0x0000000781a00000, 0x0000000781a00000, 0x0000000781b00000|  0%| F|  |TAMS 0x0000000781a00000| PB 0x0000000781a00000| Untracked |  0
|  27|0x0000000781b00000, 0x0000000781b00000, 0x0000000781c00000|  0%| F|  |TAMS 0x0000000781b00000| PB 0x0000000781b00000| Untracked |  0
|  28|0x0000000781c00000, 0x0000000781c827a8, 0x0000000781d00000| 50%| E|  |TAMS 0x0000000781c00000| PB 0x0000000781c00000| Complete |  1
|  29|0x0000000781d00000, 0x0000000781e00000, 0x0000000781e00000|100%| E|CS|TAMS 0x0000000781d00000| PB 0x0000000781d00000| Complete |  0
|  30|0x0000000781e00000, 0x0000000781f00000, 0x0000000781f00000|100%| E|CS|TAMS 0x0000000781e00000| PB 0x0000000781e00000| Complete |  0
|  31|0x0000000781f00000, 0x0000000782000000, 0x0000000782000000|100%| E|CS|TAMS 0x0000000781f00000| PB 0x0000000781f00000| Complete |  0
|  32|0x0000000782000000, 0x0000000782100000, 0x0000000782100000|100%| O|  |TAMS 0x0000000782000000| PB 0x0000000782000000| Untracked |  0
|  33|0x0000000782100000, 0x0000000782200000, 0x0000000782200000|100%| E|CS|TAMS 0x0000000782100000| PB 0x0000000782100000| Complete |  0
|  34|0x0000000782200000, 0x0000000782300000, 0x0000000782300000|100%| E|CS|TAMS 0x0000000782200000| PB 0x0000000782200000| Complete |  0
|  35|0x0000000782300000, 0x0000000782400000, 0x0000000782400000|100%| E|CS|TAMS 0x0000000782300000| PB 0x0000000782300000| Complete |  0
|  36|0x0000000782400000, 0x0000000782500000, 0x0000000782500000|100%| E|CS|TAMS 0x0000000782400000| PB 0x0000000782400000| Complete |  0
|  37|0x0000000782500000, 0x0000000782600000, 0x0000000782600000|100%| E|CS|TAMS 0x0000000782500000| PB 0x0000000782500000| Complete |  0
|  38|0x0000000782600000, 0x0000000782700000, 0x0000000782700000|100%| E|CS|TAMS 0x0000000782600000| PB 0x0000000782600000| Complete |  0
|  39|0x0000000782700000, 0x0000000782800000, 0x0000000782800000|100%| E|CS|TAMS 0x0000000782700000| PB 0x0000000782700000| Complete |  0
|  40|0x0000000782800000, 0x0000000782900000, 0x0000000782900000|100%| E|CS|TAMS 0x0000000782800000| PB 0x0000000782800000| Complete |  0
|  41|0x0000000782900000, 0x0000000782a00000, 0x0000000782a00000|100%| E|CS|TAMS 0x0000000782900000| PB 0x0000000782900000| Complete |  0
|  42|0x0000000782a00000, 0x0000000782b00000, 0x0000000782b00000|100%| E|CS|TAMS 0x0000000782a00000| PB 0x0000000782a00000| Complete |  0
|  43|0x0000000782b00000, 0x0000000782c00000, 0x0000000782c00000|100%| E|CS|TAMS 0x0000000782b00000| PB 0x0000000782b00000| Complete |  0
|  44|0x0000000782c00000, 0x0000000782d00000, 0x0000000782d00000|100%| E|CS|TAMS 0x0000000782c00000| PB 0x0000000782c00000| Complete |  0
|  45|0x0000000782d00000, 0x0000000782e00000, 0x0000000782e00000|100%| E|CS|TAMS 0x0000000782d00000| PB 0x0000000782d00000| Complete |  0
|  46|0x0000000782e00000, 0x0000000782f00000, 0x0000000782f00000|100%| E|CS|TAMS 0x0000000782e00000| PB 0x0000000782e00000| Complete |  0
|  47|0x0000000782f00000, 0x0000000783000000, 0x0000000783000000|100%| E|CS|TAMS 0x0000000782f00000| PB 0x0000000782f00000| Complete |  0
|  48|0x0000000783000000, 0x0000000783100000, 0x0000000783100000|100%| E|CS|TAMS 0x0000000783000000| PB 0x0000000783000000| Complete |  0
|  49|0x0000000783100000, 0x0000000783200000, 0x0000000783200000|100%| E|CS|TAMS 0x0000000783100000| PB 0x0000000783100000| Complete |  0
|  50|0x0000000783200000, 0x0000000783300000, 0x0000000783300000|100%| E|CS|TAMS 0x0000000783200000| PB 0x0000000783200000| Complete |  0
|  51|0x0000000783300000, 0x0000000783400000, 0x0000000783400000|100%| E|CS|TAMS 0x0000000783300000| PB 0x0000000783300000| Complete |  0
|  52|0x0000000783400000, 0x0000000783500000, 0x0000000783500000|100%| E|CS|TAMS 0x0000000783400000| PB 0x0000000783400000| Complete |  0
|  53|0x0000000783500000, 0x0000000783600000, 0x0000000783600000|100%| E|CS|TAMS 0x0000000783500000| PB 0x0000000783500000| Complete |  0
|  54|0x0000000783600000, 0x0000000783700000, 0x0000000783700000|100%| E|CS|TAMS 0x0000000783600000| PB 0x0000000783600000| Complete |  0
|  55|0x0000000783700000, 0x0000000783800000, 0x0000000783800000|100%| E|CS|TAMS 0x0000000783700000| PB 0x0000000783700000| Complete |  0
|  56|0x0000000783800000, 0x0000000783900000, 0x0000000783900000|100%| E|CS|TAMS 0x0000000783800000| PB 0x0000000783800000| Complete |  0
|  57|0x0000000783900000, 0x0000000783a00000, 0x0000000783a00000|100%| E|CS|TAMS 0x0000000783900000| PB 0x0000000783900000| Complete |  0
|  58|0x0000000783a00000, 0x0000000783b00000, 0x0000000783b00000|100%| E|CS|TAMS 0x0000000783a00000| PB 0x0000000783a00000| Complete |  0
|  59|0x0000000783b00000, 0x0000000783c00000, 0x0000000783c00000|100%| E|CS|TAMS 0x0000000783b00000| PB 0x0000000783b00000| Complete |  0
|  60|0x0000000783c00000, 0x0000000783d00000, 0x0000000783d00000|100%|HS|  |TAMS 0x0000000783c00000| PB 0x0000000783c00000| Complete |  0
|  61|0x0000000783d00000, 0x0000000783e00000, 0x0000000783e00000|100%|HC|  |TAMS 0x0000000783d00000| PB 0x0000000783d00000| Complete |  0
|  62|0x0000000783e00000, 0x0000000783f00000, 0x0000000783f00000|100%|HC|  |TAMS 0x0000000783e00000| PB 0x0000000783e00000| Complete |  0
|  63|0x0000000783f00000, 0x0000000784000000, 0x0000000784000000|100%|HC|  |TAMS 0x0000000783f00000| PB 0x0000000783f00000| Complete |  0
|  64|0x0000000784000000, 0x0000000784100000, 0x0000000784100000|100%|HC|  |TAMS 0x0000000784000000| PB 0x0000000784000000| Complete |  0
|  65|0x0000000784100000, 0x0000000784200000, 0x0000000784200000|100%|HC|  |TAMS 0x0000000784100000| PB 0x0000000784100000| Complete |  0
|  66|0x0000000784200000, 0x0000000784300000, 0x0000000784300000|100%|HC|  |TAMS 0x0000000784200000| PB 0x0000000784200000| Complete |  0
|  67|0x0000000784300000, 0x0000000784400000, 0x0000000784400000|100%|HC|  |TAMS 0x0000000784300000| PB 0x0000000784300000| Complete |  0
|  68|0x0000000784400000, 0x0000000784500000, 0x0000000784500000|100%|HC|  |TAMS 0x0000000784400000| PB 0x0000000784400000| Complete |  0
|  69|0x0000000784500000, 0x0000000784600000, 0x0000000784600000|100%|HC|  |TAMS 0x0000000784500000| PB 0x0000000784500000| Complete |  0
|  70|0x0000000784600000, 0x0000000784700000, 0x0000000784700000|100%|HC|  |TAMS 0x0000000784600000| PB 0x0000000784600000| Complete |  0
|  71|0x0000000784700000, 0x0000000784800000, 0x0000000784800000|100%|HC|  |TAMS 0x0000000784700000| PB 0x0000000784700000| Complete |  0
|  72|0x0000000784800000, 0x0000000784900000, 0x0000000784900000|100%|HC|  |TAMS 0x0000000784800000| PB 0x0000000784800000| Complete |  0
|  73|0x0000000784900000, 0x0000000784a00000, 0x0000000784a00000|100%|HC|  |TAMS 0x0000000784900000| PB 0x0000000784900000| Complete |  0
|  74|0x0000000784a00000, 0x0000000784b00000, 0x0000000784b00000|100%|HC|  |TAMS 0x0000000784a00000| PB 0x0000000784a00000| Complete |  0
|  75|0x0000000784b00000, 0x0000000784c00000, 0x0000000784c00000|100%|HC|  |TAMS 0x0000000784b00000| PB 0x0000000784b00000| Complete |  0
|  76|0x0000000784c00000, 0x0000000784d00000, 0x0000000784d00000|100%|HC|  |TAMS 0x0000000784c00000| PB 0x0000000784c00000| Complete |  0
|  77|0x0000000784d00000, 0x0000000784e00000, 0x0000000784e00000|100%|HC|  |TAMS 0x0000000784d00000| PB 0x0000000784d00000| Complete |  0
|  78|0x0000000784e00000, 0x0000000784f00000, 0x0000000784f00000|100%|HC|  |TAMS 0x0000000784e00000| PB 0x0000000784e00000| Complete |  0
|  79|0x0000000784f00000, 0x0000000785000000, 0x0000000785000000|100%|HC|  |TAMS 0x0000000784f00000| PB 0x0000000784f00000| Complete |  0
|  80|0x0000000785000000, 0x0000000785100000, 0x0000000785100000|100%|HC|  |TAMS 0x0000000785000000| PB 0x0000000785000000| Complete |  0
|  81|0x0000000785100000, 0x0000000785200000, 0x0000000785200000|100%|HC|  |TAMS 0x0000000785100000| PB 0x0000000785100000| Complete |  0
|  82|0x0000000785200000, 0x0000000785300000, 0x0000000785300000|100%|HC|  |TAMS 0x0000000785200000| PB 0x0000000785200000| Complete |  0
|  83|0x0000000785300000, 0x0000000785400000, 0x0000000785400000|100%|HC|  |TAMS 0x0000000785300000| PB 0x0000000785300000| Complete |  0
|  84|0x0000000785400000, 0x0000000785500000, 0x0000000785500000|100%|HC|  |TAMS 0x0000000785400000| PB 0x0000000785400000| Complete |  0
|  85|0x0000000785500000, 0x0000000785600000, 0x0000000785600000|100%|HC|  |TAMS 0x0000000785500000| PB 0x0000000785500000| Complete |  0
|  86|0x0000000785600000, 0x0000000785700000, 0x0000000785700000|100%|HC|  |TAMS 0x0000000785600000| PB 0x0000000785600000| Complete |  0
|  87|0x0000000785700000, 0x0000000785800000, 0x0000000785800000|100%|HS|  |TAMS 0x0000000785700000| PB 0x0000000785700000| Complete |  0
|  88|0x0000000785800000, 0x0000000785900000, 0x0000000785900000|100%|HC|  |TAMS 0x0000000785800000| PB 0x0000000785800000| Complete |  0
|  89|0x0000000785900000, 0x0000000785a00000, 0x0000000785a00000|100%|HC|  |TAMS 0x0000000785900000| PB 0x0000000785900000| Complete |  0
|  90|0x0000000785a00000, 0x0000000785b00000, 0x0000000785b00000|100%|HC|  |TAMS 0x0000000785a00000| PB 0x0000000785a00000| Complete |  0
|  91|0x0000000785b00000, 0x0000000785c00000, 0x0000000785c00000|100%|HC|  |TAMS 0x0000000785b00000| PB 0x0000000785b00000| Complete |  0
|  92|0x0000000785c00000, 0x0000000785d00000, 0x0000000785d00000|100%|HC|  |TAMS 0x0000000785c00000| PB 0x0000000785c00000| Complete |  0
|  93|0x0000000785d00000, 0x0000000785e00000, 0x0000000785e00000|100%|HC|  |TAMS 0x0000000785d00000| PB 0x0000000785d00000| Complete |  0
|  94|0x0000000785e00000, 0x0000000785f00000, 0x0000000785f00000|100%|HC|  |TAMS 0x0000000785e00000| PB 0x0000000785e00000| Complete |  0
|  95|0x0000000785f00000, 0x0000000786000000, 0x0000000786000000|100%|HC|  |TAMS 0x0000000785f00000| PB 0x0000000785f00000| Complete |  0
|  96|0x0000000786000000, 0x0000000786100000, 0x0000000786100000|100%|HC|  |TAMS 0x0000000786000000| PB 0x0000000786000000| Complete |  0
|  97|0x0000000786100000, 0x0000000786200000, 0x0000000786200000|100%|HC|  |TAMS 0x0000000786100000| PB 0x0000000786100000| Complete |  0
|  98|0x0000000786200000, 0x0000000786300000, 0x0000000786300000|100%|HC|  |TAMS 0x0000000786200000| PB 0x0000000786200000| Complete |  0
|  99|0x0000000786300000, 0x0000000786400000, 0x0000000786400000|100%|HC|  |TAMS 0x0000000786300000| PB 0x0000000786300000| Complete |  0
| 100|0x0000000786400000, 0x0000000786500000, 0x0000000786500000|100%|HC|  |TAMS 0x0000000786400000| PB 0x0000000786400000| Complete |  0
| 101|0x0000000786500000, 0x0000000786600000, 0x0000000786600000|100%|HC|  |TAMS 0x0000000786500000| PB 0x0000000786500000| Complete |  0
| 102|0x0000000786600000, 0x0000000786700000, 0x0000000786700000|100%|HC|  |TAMS 0x0000000786600000| PB 0x0000000786600000| Complete |  0
| 103|0x0000000786700000, 0x0000000786800000, 0x0000000786800000|100%|HC|  |TAMS 0x0000000786700000| PB 0x0000000786700000| Complete |  0
| 104|0x0000000786800000, 0x0000000786900000, 0x0000000786900000|100%|HC|  |TAMS 0x0000000786800000| PB 0x0000000786800000| Complete |  0
| 105|0x0000000786900000, 0x0000000786a00000, 0x0000000786a00000|100%|HC|  |TAMS 0x0000000786900000| PB 0x0000000786900000| Complete |  0
| 106|0x0000000786a00000, 0x0000000786b00000, 0x0000000786b00000|100%|HC|  |TAMS 0x0000000786a00000| PB 0x0000000786a00000| Complete |  0
| 107|0x0000000786b00000, 0x0000000786c00000, 0x0000000786c00000|100%|HC|  |TAMS 0x0000000786b00000| PB 0x0000000786b00000| Complete |  0
| 108|0x0000000786c00000, 0x0000000786d00000, 0x0000000786d00000|100%|HC|  |TAMS 0x0000000786c00000| PB 0x0000000786c00000| Complete |  0
| 109|0x0000000786d00000, 0x0000000786e00000, 0x0000000786e00000|100%|HC|  |TAMS 0x0000000786d00000| PB 0x0000000786d00000| Complete |  0
| 110|0x0000000786e00000, 0x0000000786f00000, 0x0000000786f00000|100%|HC|  |TAMS 0x0000000786e00000| PB 0x0000000786e00000| Complete |  0
| 111|0x0000000786f00000, 0x0000000787000000, 0x0000000787000000|100%|HC|  |TAMS 0x0000000786f00000| PB 0x0000000786f00000| Complete |  0
| 112|0x0000000787000000, 0x0000000787100000, 0x0000000787100000|100%|HC|  |TAMS 0x0000000787000000| PB 0x0000000787000000| Complete |  0
| 113|0x0000000787100000, 0x0000000787200000, 0x0000000787200000|100%|HC|  |TAMS 0x0000000787100000| PB 0x0000000787100000| Complete |  0
| 114|0x0000000787200000, 0x0000000787300000, 0x0000000787300000|100%|HS|  |TAMS 0x0000000787200000| PB 0x0000000787200000| Complete |  0
| 115|0x0000000787300000, 0x0000000787400000, 0x0000000787400000|100%|HC|  |TAMS 0x0000000787300000| PB 0x0000000787300000| Complete |  0
| 116|0x0000000787400000, 0x0000000787500000, 0x0000000787500000|100%|HC|  |TAMS 0x0000000787400000| PB 0x0000000787400000| Complete |  0
| 117|0x0000000787500000, 0x0000000787600000, 0x0000000787600000|100%| E|CS|TAMS 0x0000000787500000| PB 0x0000000787500000| Complete |  0
| 118|0x0000000787600000, 0x0000000787700000, 0x0000000787700000|100%| E|CS|TAMS 0x0000000787600000| PB 0x0000000787600000| Complete |  0
| 119|0x0000000787700000, 0x0000000787800000, 0x0000000787800000|100%| E|CS|TAMS 0x0000000787700000| PB 0x0000000787700000| Complete |  0
| 120|0x0000000787800000, 0x0000000787900000, 0x0000000787900000|100%| E|CS|TAMS 0x0000000787800000| PB 0x0000000787800000| Complete |  0
| 121|0x0000000787900000, 0x0000000787a00000, 0x0000000787a00000|100%| E|CS|TAMS 0x0000000787900000| PB 0x0000000787900000| Complete |  0
| 122|0x0000000787a00000, 0x0000000787b00000, 0x0000000787b00000|100%| E|CS|TAMS 0x0000000787a00000| PB 0x0000000787a00000| Complete |  0
| 123|0x0000000787b00000, 0x0000000787c00000, 0x0000000787c00000|100%| E|CS|TAMS 0x0000000787b00000| PB 0x0000000787b00000| Complete |  0
| 124|0x0000000787c00000, 0x0000000787d00000, 0x0000000787d00000|100%| E|CS|TAMS 0x0000000787c00000| PB 0x0000000787c00000| Complete |  0
| 125|0x0000000787d00000, 0x0000000787e00000, 0x0000000787e00000|100%| E|CS|TAMS 0x0000000787d00000| PB 0x0000000787d00000| Complete |  0
| 126|0x0000000787e00000, 0x0000000787f00000, 0x0000000787f00000|100%| E|CS|TAMS 0x0000000787e00000| PB 0x0000000787e00000| Complete |  0
| 127|0x0000000787f00000, 0x0000000788000000, 0x0000000788000000|100%| E|CS|TAMS 0x0000000787f00000| PB 0x0000000787f00000| Complete |  0
| 128|0x0000000788000000, 0x0000000788100000, 0x0000000788100000|100%|HS|  |TAMS 0x0000000788000000| PB 0x0000000788000000| Complete |  0
| 129|0x0000000788100000, 0x0000000788200000, 0x0000000788200000|100%|HC|  |TAMS 0x0000000788100000| PB 0x0000000788100000| Complete |  0
| 130|0x0000000788200000, 0x0000000788300000, 0x0000000788300000|100%|HC|  |TAMS 0x0000000788200000| PB 0x0000000788200000| Complete |  0
| 131|0x0000000788300000, 0x0000000788400000, 0x0000000788400000|100%|HC|  |TAMS 0x0000000788300000| PB 0x0000000788300000| Complete |  0
| 132|0x0000000788400000, 0x0000000788500000, 0x0000000788500000|100%|HC|  |TAMS 0x0000000788400000| PB 0x0000000788400000| Complete |  0
| 133|0x0000000788500000, 0x0000000788600000, 0x0000000788600000|100%|HC|  |TAMS 0x0000000788500000| PB 0x0000000788500000| Complete |  0
| 134|0x0000000788600000, 0x0000000788700000, 0x0000000788700000|100%|HC|  |TAMS 0x0000000788600000| PB 0x0000000788600000| Complete |  0
| 135|0x0000000788700000, 0x0000000788800000, 0x0000000788800000|100%|HC|  |TAMS 0x0000000788700000| PB 0x0000000788700000| Complete |  0
| 136|0x0000000788800000, 0x0000000788900000, 0x0000000788900000|100%|HC|  |TAMS 0x0000000788800000| PB 0x0000000788800000| Complete |  0
| 137|0x0000000788900000, 0x0000000788a00000, 0x0000000788a00000|100%|HC|  |TAMS 0x0000000788900000| PB 0x0000000788900000| Complete |  0
| 138|0x0000000788a00000, 0x0000000788b00000, 0x0000000788b00000|100%|HC|  |TAMS 0x0000000788a00000| PB 0x0000000788a00000| Complete |  0
| 139|0x0000000788b00000, 0x0000000788c00000, 0x0000000788c00000|100%|HC|  |TAMS 0x0000000788b00000| PB 0x0000000788b00000| Complete |  0
| 140|0x0000000788c00000, 0x0000000788d00000, 0x0000000788d00000|100%|HC|  |TAMS 0x0000000788c00000| PB 0x0000000788c00000| Complete |  0
| 141|0x0000000788d00000, 0x0000000788e00000, 0x0000000788e00000|100%|HC|  |TAMS 0x0000000788d00000| PB 0x0000000788d00000| Complete |  0
| 142|0x0000000788e00000, 0x0000000788f00000, 0x0000000788f00000|100%| E|CS|TAMS 0x0000000788e00000| PB 0x0000000788e00000| Complete |  0
| 143|0x0000000788f00000, 0x0000000789000000, 0x0000000789000000|100%| E|CS|TAMS 0x0000000788f00000| PB 0x0000000788f00000| Complete |  0
| 144|0x0000000789000000, 0x0000000789100000, 0x0000000789100000|100%| E|CS|TAMS 0x0000000789000000| PB 0x0000000789000000| Complete |  0
| 145|0x0000000789100000, 0x0000000789200000, 0x0000000789200000|100%| E|CS|TAMS 0x0000000789100000| PB 0x0000000789100000| Complete |  0
| 146|0x0000000789200000, 0x0000000789300000, 0x0000000789300000|100%| E|CS|TAMS 0x0000000789200000| PB 0x0000000789200000| Complete |  0
| 147|0x0000000789300000, 0x0000000789400000, 0x0000000789400000|100%| E|CS|TAMS 0x0000000789300000| PB 0x0000000789300000| Complete |  0
| 148|0x0000000789400000, 0x0000000789500000, 0x0000000789500000|100%| E|CS|TAMS 0x0000000789400000| PB 0x0000000789400000| Complete |  0
| 149|0x0000000789500000, 0x0000000789600000, 0x0000000789600000|100%| E|CS|TAMS 0x0000000789500000| PB 0x0000000789500000| Complete |  0
| 150|0x0000000789600000, 0x0000000789700000, 0x0000000789700000|100%| E|CS|TAMS 0x0000000789600000| PB 0x0000000789600000| Complete |  0
| 151|0x0000000789700000, 0x0000000789800000, 0x0000000789800000|100%| E|CS|TAMS 0x0000000789700000| PB 0x0000000789700000| Complete |  0
| 152|0x0000000789800000, 0x0000000789900000, 0x0000000789900000|100%| E|CS|TAMS 0x0000000789800000| PB 0x0000000789800000| Complete |  0
| 153|0x0000000789900000, 0x0000000789a00000, 0x0000000789a00000|100%| E|CS|TAMS 0x0000000789900000| PB 0x0000000789900000| Complete |  0
| 154|0x0000000789a00000, 0x0000000789b00000, 0x0000000789b00000|100%| E|CS|TAMS 0x0000000789a00000| PB 0x0000000789a00000| Complete |  0
| 155|0x0000000789b00000, 0x0000000789c00000, 0x0000000789c00000|100%| E|CS|TAMS 0x0000000789b00000| PB 0x0000000789b00000| Complete |  0
| 156|0x0000000789c00000, 0x0000000789d00000, 0x0000000789d00000|100%| E|CS|TAMS 0x0000000789c00000| PB 0x0000000789c00000| Complete |  0
| 157|0x0000000789d00000, 0x0000000789e00000, 0x0000000789e00000|100%| E|CS|TAMS 0x0000000789d00000| PB 0x0000000789d00000| Complete |  0
| 158|0x0000000789e00000, 0x0000000789f00000, 0x0000000789f00000|100%| E|CS|TAMS 0x0000000789e00000| PB 0x0000000789e00000| Complete |  0
| 159|0x0000000789f00000, 0x000000078a000000, 0x000000078a000000|100%| E|CS|TAMS 0x0000000789f00000| PB 0x0000000789f00000| Complete |  0
| 160|0x000000078a000000, 0x000000078a100000, 0x000000078a100000|100%| E|CS|TAMS 0x000000078a000000| PB 0x000000078a000000| Complete |  0
| 161|0x000000078a100000, 0x000000078a200000, 0x000000078a200000|100%| E|CS|TAMS 0x000000078a100000| PB 0x000000078a100000| Complete |  0
| 162|0x000000078a200000, 0x000000078a300000, 0x000000078a300000|100%| E|CS|TAMS 0x000000078a200000| PB 0x000000078a200000| Complete |  0
| 163|0x000000078a300000, 0x000000078a400000, 0x000000078a400000|100%|HS|  |TAMS 0x000000078a300000| PB 0x000000078a300000| Complete |  0
| 164|0x000000078a400000, 0x000000078a500000, 0x000000078a500000|100%|HC|  |TAMS 0x000000078a400000| PB 0x000000078a400000| Complete |  0
| 165|0x000000078a500000, 0x000000078a600000, 0x000000078a600000|100%|HC|  |TAMS 0x000000078a500000| PB 0x000000078a500000| Complete |  0
| 166|0x000000078a600000, 0x000000078a700000, 0x000000078a700000|100%|HC|  |TAMS 0x000000078a600000| PB 0x000000078a600000| Complete |  0
| 167|0x000000078a700000, 0x000000078a800000, 0x000000078a800000|100%|HC|  |TAMS 0x000000078a700000| PB 0x000000078a700000| Complete |  0
| 168|0x000000078a800000, 0x000000078a900000, 0x000000078a900000|100%|HC|  |TAMS 0x000000078a800000| PB 0x000000078a800000| Complete |  0
| 169|0x000000078a900000, 0x000000078aa00000, 0x000000078aa00000|100%|HC|  |TAMS 0x000000078a900000| PB 0x000000078a900000| Complete |  0
| 170|0x000000078aa00000, 0x000000078ab00000, 0x000000078ab00000|100%|HC|  |TAMS 0x000000078aa00000| PB 0x000000078aa00000| Complete |  0
| 171|0x000000078ab00000, 0x000000078ac00000, 0x000000078ac00000|100%|HC|  |TAMS 0x000000078ab00000| PB 0x000000078ab00000| Complete |  0
| 172|0x000000078ac00000, 0x000000078ad00000, 0x000000078ad00000|100%|HC|  |TAMS 0x000000078ac00000| PB 0x000000078ac00000| Complete |  0
| 173|0x000000078ad00000, 0x000000078ae00000, 0x000000078ae00000|100%|HC|  |TAMS 0x000000078ad00000| PB 0x000000078ad00000| Complete |  0
| 174|0x000000078ae00000, 0x000000078af00000, 0x000000078af00000|100%|HC|  |TAMS 0x000000078ae00000| PB 0x000000078ae00000| Complete |  0
| 175|0x000000078af00000, 0x000000078b000000, 0x000000078b000000|100%|HC|  |TAMS 0x000000078af00000| PB 0x000000078af00000| Complete |  0
| 176|0x000000078b000000, 0x000000078b100000, 0x000000078b100000|100%|HC|  |TAMS 0x000000078b000000| PB 0x000000078b000000| Complete |  0
| 177|0x000000078b100000, 0x000000078b200000, 0x000000078b200000|100%| E|CS|TAMS 0x000000078b100000| PB 0x000000078b100000| Complete |  0
|2046|0x00000007ffe00000, 0x00000007fff00000, 0x00000007fff00000|100%| O|  |TAMS 0x00000007ffe00000| PB 0x00000007ffe00000| Untracked |  0
|2047|0x00000007fff00000, 0x0000000800000000, 0x0000000800000000|100%| E|CS|TAMS 0x00000007fff00000| PB 0x00000007fff00000| Complete |  0

Card table byte_map: [0x0000000109508000,0x0000000109908000] _byte_map_base: 0x0000000105908000

Marking Bits: (CMBitMap*) 0x00007fc63700ae10
 Bits: [0x0000000123def000, 0x0000000125def000)

Polling page: 0x0000000108db7000

Metaspace:

Usage:
  Non-class:     11.21 MB used.
      Class:      1.47 MB used.
       Both:     12.69 MB used.

Virtual space:
  Non-class space:       64.00 MB reserved,      11.50 MB ( 18%) committed,  1 nodes.
      Class space:        1.00 GB reserved,       1.75 MB ( <1%) committed,  1 nodes.
             Both:        1.06 GB reserved,      13.25 MB (  1%) committed. 

Chunk freelists:
   Non-Class:  4.45 MB
       Class:  14.22 MB
        Both:  18.67 MB

MaxMetaspaceSize: unlimited
CompressedClassSpaceSize: 1.00 GB
Initial GC threshold: 21.00 MB
Current GC threshold: 22.12 MB
CDS: on
 - commit_granule_bytes: 65536.
 - commit_granule_words: 8192.
 - virtual_space_node_default_size: 8388608.
 - enlarge_chunks_in_place: 1.
 - use_allocation_guard: 0.


Internal statistics:

num_allocs_failed_limit: 0.
num_arena_births: 738.
num_arena_deaths: 0.
num_vsnodes_births: 2.
num_vsnodes_deaths: 0.
num_space_committed: 212.
num_space_uncommitted: 0.
num_chunks_returned_to_freelist: 0.
num_chunks_taken_from_freelist: 944.
num_chunk_merges: 0.
num_chunk_splits: 567.
num_chunks_enlarged: 219.
num_inconsistent_stats: 0.

CodeHeap 'non-profiled nmethods': size=120032Kb used=1565Kb max_used=1607Kb free=118466Kb
 bounds [0x000000011c8b7000, 0x000000011cb27000, 0x0000000123def000]
CodeHeap 'profiled nmethods': size=120028Kb used=2880Kb max_used=3943Kb free=117147Kb
 bounds [0x0000000114def000, 0x00000001151cf000, 0x000000011c326000]
CodeHeap 'non-nmethods': size=5700Kb used=1757Kb max_used=1795Kb free=3943Kb
 bounds [0x000000011c326000, 0x000000011c596000, 0x000000011c8b7000]
CodeCache: size=245760Kb, used=6202Kb, max_used=7345Kb, free=239556Kb
 total_blobs=3434, nmethods=2612, adapters=718, full_count=0
Compilation: enabled, stopped_count=0, restarted_count=0

Compilation events (20 events):
Event: 568.463 Thread 0x00007fc63709f800 3132 %     3       java.awt.EventDispatchThread::pumpEventsForFilter @ 10 (47 bytes)
Event: 568.470 Thread 0x00007fc63709f800 nmethod 3132% 0x0000000114e0b688 code [0x0000000114e0b800, 0x0000000114e0bd18]
Event: 578.892 Thread 0x00007fc63709f800 3133       3       java.awt.EventDispatchThread::pumpEventsForFilter (47 bytes)
Event: 578.893 Thread 0x00007fc63709f800 nmethod 3133 0x0000000114fa5188 code [0x0000000114fa5300, 0x0000000114fa5750]
Event: 824.531 Thread 0x00007fc63709f800 3134 % !   3       event.Metronome::run @ 22 (105 bytes)
Event: 824.542 Thread 0x00007fc63709f800 nmethod 3134% 0x0000000114eb6308 code [0x0000000114eb64a0, 0x0000000114eb6cb8]
Event: 839.153 Thread 0x00007fc63709f800 3135   !   3       event.Metronome::run (105 bytes)
Event: 839.156 Thread 0x00007fc63709f800 nmethod 3135 0x0000000114f7ff08 code [0x0000000114f80080, 0x0000000114f807c0]
Event: 909.548 Thread 0x00007fc63709f000 3136 %s!   4       sun.java2d.metal.MTLRenderQueue$QueueFlusher::run @ 2 (234 bytes)
Event: 909.602 Thread 0x00007fc63709f000 nmethod 3136% 0x000000011c9df188 code [0x000000011c9df3a0, 0x000000011c9e0268]
Event: 987.174 Thread 0x00007fc63709f000 3137 %     4       java.awt.EventDispatchThread::pumpEventsForFilter @ 10 (47 bytes)
Event: 987.220 Thread 0x00007fc63709f000 nmethod 3137% 0x000000011c9de188 code [0x000000011c9de320, 0x000000011c9def00]
Event: 1063.411 Thread 0x00007fc63709f000 3138       4       java.awt.EventQueue::postEvent (172 bytes)
Event: 1063.497 Thread 0x00007fc63709f000 nmethod 3138 0x000000011ca3d888 code [0x000000011ca3daa0, 0x000000011ca3ee60]
Event: 1064.434 Thread 0x00007fc63709f800 3139   !   3       java.awt.EventQueue::postEventPrivate (104 bytes)
Event: 1064.445 Thread 0x00007fc63709f800 nmethod 3139 0x0000000114f9bb88 code [0x0000000114f9bd60, 0x0000000114f9c5b0]
Event: 1115.886 Thread 0x00007fc63709f000 3140   !   4       java.awt.EventQueue::postEventPrivate (104 bytes)
Event: 1115.919 Thread 0x00007fc63709f000 nmethod 3140 0x000000011ca3cd88 code [0x000000011ca3cf20, 0x000000011ca3d738]
Event: 1400.952 Thread 0x00007fc63709f000 3142 % !   4       event.Metronome::run @ 22 (105 bytes)
Event: 1401.009 Thread 0x00007fc63709f000 nmethod 3142% 0x000000011ca34788 code [0x000000011ca34a00, 0x000000011ca35f38]

GC Heap History (20 events):
Event: 915.764 GC heap before
{Heap before GC invocations=27 (full 0):
 garbage-first heap   total reserved 2097152K, committed 184320K, used 172924K [0x0000000780000000, 0x0000000800000000)
  region size 1024K, 69 young (70656K), 1 survivors (1024K)
 Metaspace       used 12992K, committed 13568K, reserved 1114112K
  class space    used 1508K, committed 1792K, reserved 1048576K
}
Event: 915.777 GC heap after
{Heap after GC invocations=28 (full 0):
 garbage-first heap   total reserved 2097152K, committed 184320K, used 103298K [0x0000000780000000, 0x0000000800000000)
  region size 1024K, 1 young (1024K), 1 survivors (1024K)
 Metaspace       used 12992K, committed 13568K, reserved 1114112K
  class space    used 1508K, committed 1792K, reserved 1048576K
}
Event: 981.755 GC heap before
{Heap before GC invocations=29 (full 0):
 garbage-first heap   total reserved 2097152K, committed 184320K, used 172930K [0x0000000780000000, 0x0000000800000000)
  region size 1024K, 69 young (70656K), 1 survivors (1024K)
 Metaspace       used 12992K, committed 13568K, reserved 1114112K
  class space    used 1508K, committed 1792K, reserved 1048576K
}
Event: 981.764 GC heap after
{Heap after GC invocations=30 (full 0):
 garbage-first heap   total reserved 2097152K, committed 184320K, used 103307K [0x0000000780000000, 0x0000000800000000)
  region size 1024K, 1 young (1024K), 1 survivors (1024K)
 Metaspace       used 12992K, committed 13568K, reserved 1114112K
  class space    used 1508K, committed 1792K, reserved 1048576K
}
Event: 1042.563 GC heap before
{Heap before GC invocations=30 (full 0):
 garbage-first heap   total reserved 2097152K, committed 184320K, used 172939K [0x0000000780000000, 0x0000000800000000)
  region size 1024K, 69 young (70656K), 1 survivors (1024K)
 Metaspace       used 12992K, committed 13568K, reserved 1114112K
  class space    used 1508K, committed 1792K, reserved 1048576K
}
Event: 1042.574 GC heap after
{Heap after GC invocations=31 (full 0):
 garbage-first heap   total reserved 2097152K, committed 184320K, used 103313K [0x0000000780000000, 0x0000000800000000)
  region size 1024K, 1 young (1024K), 1 survivors (1024K)
 Metaspace       used 12992K, committed 13568K, reserved 1114112K
  class space    used 1508K, committed 1792K, reserved 1048576K
}
Event: 1110.127 GC heap before
{Heap before GC invocations=32 (full 0):
 garbage-first heap   total reserved 2097152K, committed 184320K, used 172945K [0x0000000780000000, 0x0000000800000000)
  region size 1024K, 69 young (70656K), 1 survivors (1024K)
 Metaspace       used 12992K, committed 13568K, reserved 1114112K
  class space    used 1508K, committed 1792K, reserved 1048576K
}
Event: 1110.135 GC heap after
{Heap after GC invocations=33 (full 0):
 garbage-first heap   total reserved 2097152K, committed 184320K, used 103317K [0x0000000780000000, 0x0000000800000000)
  region size 1024K, 1 young (1024K), 1 survivors (1024K)
 Metaspace       used 12992K, committed 13568K, reserved 1114112K
  class space    used 1508K, committed 1792K, reserved 1048576K
}
Event: 1176.677 GC heap before
{Heap before GC invocations=33 (full 0):
 garbage-first heap   total reserved 2097152K, committed 184320K, used 172949K [0x0000000780000000, 0x0000000800000000)
  region size 1024K, 69 young (70656K), 1 survivors (1024K)
 Metaspace       used 12992K, committed 13568K, reserved 1114112K
  class space    used 1508K, committed 1792K, reserved 1048576K
}
Event: 1176.687 GC heap after
{Heap after GC invocations=34 (full 0):
 garbage-first heap   total reserved 2097152K, committed 184320K, used 103319K [0x0000000780000000, 0x0000000800000000)
  region size 1024K, 1 young (1024K), 1 survivors (1024K)
 Metaspace       used 12992K, committed 13568K, reserved 1114112K
  class space    used 1508K, committed 1792K, reserved 1048576K
}
Event: 1243.659 GC heap before
{Heap before GC invocations=35 (full 0):
 garbage-first heap   total reserved 2097152K, committed 184320K, used 172951K [0x0000000780000000, 0x0000000800000000)
  region size 1024K, 69 young (70656K), 1 survivors (1024K)
 Metaspace       used 12992K, committed 13568K, reserved 1114112K
  class space    used 1508K, committed 1792K, reserved 1048576K
}
Event: 1243.670 GC heap after
{Heap after GC invocations=36 (full 0):
 garbage-first heap   total reserved 2097152K, committed 184320K, used 103325K [0x0000000780000000, 0x0000000800000000)
  region size 1024K, 1 young (1024K), 1 survivors (1024K)
 Metaspace       used 12992K, committed 13568K, reserved 1114112K
  class space    used 1508K, committed 1792K, reserved 1048576K
}
Event: 1310.727 GC heap before
{Heap before GC invocations=36 (full 0):
 garbage-first heap   total reserved 2097152K, committed 184320K, used 172957K [0x0000000780000000, 0x0000000800000000)
  region size 1024K, 69 young (70656K), 1 survivors (1024K)
 Metaspace       used 12992K, committed 13568K, reserved 1114112K
  class space    used 1508K, committed 1792K, reserved 1048576K
}
Event: 1310.736 GC heap after
{Heap after GC invocations=37 (full 0):
 garbage-first heap   total reserved 2097152K, committed 184320K, used 103325K [0x0000000780000000, 0x0000000800000000)
  region size 1024K, 1 young (1024K), 1 survivors (1024K)
 Metaspace       used 12992K, committed 13568K, reserved 1114112K
  class space    used 1508K, committed 1792K, reserved 1048576K
}
Event: 1377.526 GC heap before
{Heap before GC invocations=38 (full 0):
 garbage-first heap   total reserved 2097152K, committed 184320K, used 172957K [0x0000000780000000, 0x0000000800000000)
  region size 1024K, 69 young (70656K), 1 survivors (1024K)
 Metaspace       used 12992K, committed 13568K, reserved 1114112K
  class space    used 1508K, committed 1792K, reserved 1048576K
}
Event: 1377.532 GC heap after
{Heap after GC invocations=39 (full 0):
 garbage-first heap   total reserved 2097152K, committed 184320K, used 103325K [0x0000000780000000, 0x0000000800000000)
  region size 1024K, 1 young (1024K), 1 survivors (1024K)
 Metaspace       used 12992K, committed 13568K, reserved 1114112K
  class space    used 1508K, committed 1792K, reserved 1048576K
}
Event: 1444.461 GC heap before
{Heap before GC invocations=39 (full 0):
 garbage-first heap   total reserved 2097152K, committed 184320K, used 172957K [0x0000000780000000, 0x0000000800000000)
  region size 1024K, 69 young (70656K), 1 survivors (1024K)
 Metaspace       used 12992K, committed 13568K, reserved 1114112K
  class space    used 1508K, committed 1792K, reserved 1048576K
}
Event: 1444.468 GC heap after
{Heap after GC invocations=40 (full 0):
 garbage-first heap   total reserved 2097152K, committed 184320K, used 103327K [0x0000000780000000, 0x0000000800000000)
  region size 1024K, 1 young (1024K), 1 survivors (1024K)
 Metaspace       used 12992K, committed 13568K, reserved 1114112K
  class space    used 1508K, committed 1792K, reserved 1048576K
}
Event: 1511.398 GC heap before
{Heap before GC invocations=41 (full 0):
 garbage-first heap   total reserved 2097152K, committed 184320K, used 172959K [0x0000000780000000, 0x0000000800000000)
  region size 1024K, 69 young (70656K), 1 survivors (1024K)
 Metaspace       used 12992K, committed 13568K, reserved 1114112K
  class space    used 1508K, committed 1792K, reserved 1048576K
}
Event: 1511.406 GC heap after
{Heap after GC invocations=42 (full 0):
 garbage-first heap   total reserved 2097152K, committed 184320K, used 103327K [0x0000000780000000, 0x0000000800000000)
  region size 1024K, 1 young (1024K), 1 survivors (1024K)
 Metaspace       used 12992K, committed 13568K, reserved 1114112K
  class space    used 1508K, committed 1792K, reserved 1048576K
}

Dll operation events (13 events):
Event: 0.016 Loaded shared library /Users/jacobnoel/.p2/pool/plugins/org.eclipse.justj.openjdk.hotspot.jre.full.macosx.x86_64_23.0.1.v20241024-1700/jre/lib/libjava.dylib
Event: 0.112 Loaded shared library /Users/jacobnoel/.p2/pool/plugins/org.eclipse.justj.openjdk.hotspot.jre.full.macosx.x86_64_23.0.1.v20241024-1700/jre/lib/libzip.dylib
Event: 0.129 Loaded shared library /Users/jacobnoel/.p2/pool/plugins/org.eclipse.justj.openjdk.hotspot.jre.full.macosx.x86_64_23.0.1.v20241024-1700/jre/lib/libnio.dylib
Event: 0.139 Loaded shared library /Users/jacobnoel/.p2/pool/plugins/org.eclipse.justj.openjdk.hotspot.jre.full.macosx.x86_64_23.0.1.v20241024-1700/jre/lib/libzip.dylib
Event: 0.189 Loaded shared library /Users/jacobnoel/.p2/pool/plugins/org.eclipse.justj.openjdk.hotspot.jre.full.macosx.x86_64_23.0.1.v20241024-1700/jre/lib/libjimage.dylib
Event: 0.195 Loaded shared library /Users/jacobnoel/.p2/pool/plugins/org.eclipse.justj.openjdk.hotspot.jre.full.macosx.x86_64_23.0.1.v20241024-1700/jre/lib/libawt.dylib
Event: 0.240 Loaded shared library /Users/jacobnoel/.p2/pool/plugins/org.eclipse.justj.openjdk.hotspot.jre.full.macosx.x86_64_23.0.1.v20241024-1700/jre/lib/libawt_lwawt.dylib
Event: 0.314 Loaded shared library /Users/jacobnoel/.p2/pool/plugins/org.eclipse.justj.openjdk.hotspot.jre.full.macosx.x86_64_23.0.1.v20241024-1700/jre/lib/libfontmanager.dylib
Event: 1.350 Loaded shared library /Users/jacobnoel/.p2/pool/plugins/org.eclipse.justj.openjdk.hotspot.jre.full.macosx.x86_64_23.0.1.v20241024-1700/jre/lib/libosxui.dylib
Event: 1.688 Loaded shared library /Users/jacobnoel/.p2/pool/plugins/org.eclipse.justj.openjdk.hotspot.jre.full.macosx.x86_64_23.0.1.v20241024-1700/jre/lib/libjsound.dylib
Event: 1.704 Loaded shared library /Users/jacobnoel/.p2/pool/plugins/org.eclipse.justj.openjdk.hotspot.jre.full.macosx.x86_64_23.0.1.v20241024-1700/jre/lib/libnet.dylib
Event: 3.363 Loaded shared library /Users/jacobnoel/.p2/pool/plugins/org.eclipse.justj.openjdk.hotspot.jre.full.macosx.x86_64_23.0.1.v20241024-1700/jre/lib/libsyslookup.dylib
Event: 5.225 Loaded shared library /Users/jacobnoel/.p2/pool/plugins/org.eclipse.justj.openjdk.hotspot.jre.full.macosx.x86_64_23.0.1.v20241024-1700/jre/lib/libjavajpeg.dylib

Deoptimization events (20 events):
Event: 104.531 Thread 0x00007fc636a13600 DEOPT PACKING pc=0x000000011c9b4114 sp=0x0000000306a09710
Event: 104.531 Thread 0x00007fc636a13600 DEOPT UNPACKING pc=0x000000011c379c73 sp=0x0000000306a09748 mode 2
Event: 174.741 Thread 0x00007fc6358b0600 Uncommon trap: trap_request=0xffffff45 fr.pc=0x000000011c9e0aac relative=0x000000000000258c
Event: 174.741 Thread 0x00007fc6358b0600 Uncommon trap: reason=unstable_if action=reinterpret pc=0x000000011c9e0aac method=java.util.concurrent.locks.AbstractQueuedSynchronizer.enqueue(Ljava/util/concurrent/locks/AbstractQueuedSynchronizer$ConditionNode;)V @ 40 c2
Event: 174.742 Thread 0x00007fc6358b0600 DEOPT PACKING pc=0x000000011c9e0aac sp=0x0000000307ece8e0
Event: 174.742 Thread 0x00007fc6358b0600 DEOPT UNPACKING pc=0x000000011c379c73 sp=0x0000000307ece738 mode 2
Event: 253.899 Thread 0x00007fc636a13600 Uncommon trap: trap_request=0xffffff6e fr.pc=0x000000011ca3c720 relative=0x0000000000002ac0
Event: 253.899 Thread 0x00007fc636a13600 Uncommon trap: reason=loop_limit_check action=maybe_recompile pc=0x000000011ca3c720 method=javax.swing.JComponent.paintChildren(Ljava/awt/Graphics;)V @ 172 c2
Event: 253.899 Thread 0x00007fc636a13600 DEOPT PACKING pc=0x000000011ca3c720 sp=0x0000000306a09440
Event: 253.899 Thread 0x00007fc636a13600 DEOPT UNPACKING pc=0x000000011c379c73 sp=0x0000000306a09400 mode 2
Event: 983.781 Thread 0x00007fc6371a0000 DEOPT PACKING pc=0x00000001150d2e85 sp=0x0000000306c0f990
Event: 983.782 Thread 0x00007fc6371a0000 DEOPT UNPACKING pc=0x000000011c37a3f0 sp=0x0000000306c0eef0 mode 0
Event: 1063.151 Thread 0x00007fc6358b0600 Uncommon trap: trap_request=0xffffff45 fr.pc=0x000000011ca35ee0 relative=0x00000000000017a0
Event: 1063.152 Thread 0x00007fc6358b0600 Uncommon trap: reason=unstable_if action=reinterpret pc=0x000000011ca35ee0 method=jdk.internal.misc.Unsafe.getAndBitwiseAndInt(Ljava/lang/Object;JI)I @ 21 c2
Event: 1063.155 Thread 0x00007fc6358b0600 DEOPT PACKING pc=0x000000011ca35ee0 sp=0x0000000307ece8f0
Event: 1063.156 Thread 0x00007fc6358b0600 DEOPT UNPACKING pc=0x000000011c379c73 sp=0x0000000307ece6b8 mode 2
Event: 1064.711 Thread 0x00007fc636a13600 DEOPT PACKING pc=0x0000000114e0bc6e sp=0x0000000306a09900
Event: 1064.711 Thread 0x00007fc636a13600 DEOPT UNPACKING pc=0x000000011c37a3f0 sp=0x0000000306a08e28 mode 0
Event: 1518.374 Thread 0x00007fc6358b0600 DEOPT PACKING pc=0x0000000114eb6ad7 sp=0x0000000307ece9b0
Event: 1518.376 Thread 0x00007fc6358b0600 DEOPT UNPACKING pc=0x000000011c37a3f0 sp=0x0000000307ecdee0 mode 0

Classes loaded (20 events):
Event: 6.071 Loading class javax/swing/JComponent$KeyboardState
Event: 6.071 Loading class javax/swing/JComponent$KeyboardState done
Event: 6.071 Loading class javax/swing/JComponent$IntVector
Event: 6.071 Loading class javax/swing/JComponent$IntVector done
Event: 6.072 Loading class javax/swing/KeyboardManager
Event: 6.072 Loading class javax/swing/KeyboardManager done
Event: 6.072 Loading class javax/swing/Popup$HeavyWeightWindow
Event: 6.072 Loading class sun/awt/ModalExclude
Event: 6.072 Loading class sun/awt/ModalExclude done
Event: 6.072 Loading class javax/swing/JWindow
Event: 6.072 Loading class javax/swing/JWindow done
Event: 6.072 Loading class javax/swing/Popup$HeavyWeightWindow done
Event: 7.831 Loading class com/sun/media/sound/Printer
Event: 7.831 Loading class com/sun/media/sound/Printer done
Event: 37.809 Loading class java/security/DomainCombiner
Event: 37.809 Loading class java/security/DomainCombiner done
Event: 38.142 Loading class java/awt/LightweightDispatcher$2
Event: 38.142 Loading class java/awt/LightweightDispatcher$2 done
Event: 219.034 Loading class java/awt/image/BufferedImageOp
Event: 219.037 Loading class java/awt/image/BufferedImageOp done

Classes unloaded (0 events):
No events

Classes redefined (0 events):
No events

Internal exceptions (20 events):
Event: 3.652 Thread 0x00007fc636a13600 Exception <a 'java/lang/NoSuchMethodError'{0x0000000787110b00}: 'int java.lang.invoke.DelegatingMethodHandle$Holder.reinvoke_L(java.lang.Object, java.lang.Object, int, java.lang.Object)'> (0x0000000787110b00) 
thrown [src/hotspot/share/interpreter/linkResolver.cpp, line 796]
Event: 3.658 Thread 0x00007fc636a13600 Exception <a 'java/lang/NoSuchMethodError'{0x0000000787129488}: 'int java.lang.invoke.DelegatingMethodHandle$Holder.reinvoke_L(java.lang.Object, java.lang.Object, int, long)'> (0x0000000787129488) 
thrown [src/hotspot/share/interpreter/linkResolver.cpp, line 796]
Event: 3.659 Thread 0x00007fc636a13600 Exception <a 'java/lang/NoSuchMethodError'{0x0000000787130158}: 'int java.lang.invoke.DirectMethodHandle$Holder.invokeSpecial(java.lang.Object, java.lang.Object, int, long)'> (0x0000000787130158) 
thrown [src/hotspot/share/interpreter/linkResolver.cpp, line 796]
Event: 3.659 Thread 0x00007fc636a13600 Exception <a 'java/lang/NoSuchMethodError'{0x0000000787133748}: 'int java.lang.invoke.Invokers$Holder.exactInvoker(java.lang.Object, java.lang.Object, int, long)'> (0x0000000787133748) 
thrown [src/hotspot/share/interpreter/linkResolver.cpp, line 796]
Event: 3.659 Thread 0x00007fc636a13600 Exception <a 'java/lang/NoSuchMethodError'{0x00000007871372d0}: 'int java.lang.invoke.DelegatingMethodHandle$Holder.delegate(java.lang.Object, java.lang.Object, int, long)'> (0x00000007871372d0) 
thrown [src/hotspot/share/interpreter/linkResolver.cpp, line 796]
Event: 3.662 Thread 0x00007fc636a13600 Exception <a 'java/lang/NoSuchMethodError'{0x0000000787156f78}: 'void java.lang.invoke.DirectMethodHandle$Holder.invokeSpecial(java.lang.Object, java.lang.Object, float, java.lang.Object, java.lang.Object, java.lang.Object, int, int, int, int, int, float, float, int, int, java.lang.Object, java.lang.Object)'> (0x0000000787156f78) 
thrown [src/hotspot/share/interpreter/linkResolver.cpp, line 796]
Event: 3.674 Thread 0x00007fc636a13600 Exception <a 'java/lang/NoSuchMethodError'{0x0000000787166f78}: 'int java.lang.invoke.DirectMethodHandle$Holder.invokeSpecial(java.lang.Object, java.lang.Object, int, java.lang.Object)'> (0x0000000787166f78) 
thrown [src/hotspot/share/interpreter/linkResolver.cpp, line 796]
Event: 3.674 Thread 0x00007fc636a13600 Exception <a 'java/lang/NoSuchMethodError'{0x000000078716a5a8}: 'int java.lang.invoke.Invokers$Holder.invokeExact_MT(java.lang.Object, int, java.lang.Object, java.lang.Object)'> (0x000000078716a5a8) 
thrown [src/hotspot/share/interpreter/linkResolver.cpp, line 796]
Event: 3.676 Thread 0x00007fc636a13600 Exception <a 'java/lang/NoSuchMethodError'{0x000000078716e130}: 'java.lang.Object java.lang.invoke.Invokers$Holder.invokeExact_MT(java.lang.Object, long, java.lang.Object)'> (0x000000078716e130) 
thrown [src/hotspot/share/interpreter/linkResolver.cpp, line 796]
Event: 3.679 Thread 0x00007fc636a13600 Exception <a 'java/lang/NoSuchMethodError'{0x00000007871823a8}: 'java.lang.Object java.lang.invoke.DelegatingMethodHandle$Holder.reinvoke_L(java.lang.Object, long, long, long)'> (0x00000007871823a8) 
thrown [src/hotspot/share/interpreter/linkResolver.cpp, line 796]
Event: 3.685 Thread 0x00007fc636a13600 Exception <a 'java/lang/NoSuchMethodError'{0x00000007871977c8}: 'java.lang.Object java.lang.invoke.DirectMethodHandle$Holder.invokeStatic(java.lang.Object, java.lang.Object, java.lang.Object, java.lang.Object, long, long)'> (0x00000007871977c8) 
thrown [src/hotspot/share/interpreter/linkResolver.cpp, line 796]
Event: 3.695 Thread 0x00007fc636a13600 Exception <a 'java/lang/NoSuchMethodError'{0x00000007871c29d8}: 'void java.lang.invoke.DelegatingMethodHandle$Holder.reinvoke_L(java.lang.Object, java.lang.Object, java.lang.Object, long, long)'> (0x00000007871c29d8) 
thrown [src/hotspot/share/interpreter/linkResolver.cpp, line 796]
Event: 3.696 Thread 0x00007fc636a13600 Exception <a 'java/lang/NoSuchMethodError'{0x00000007871cdf30}: 'void java.lang.invoke.DirectMethodHandle$Holder.invokeSpecial(java.lang.Object, java.lang.Object, java.lang.Object, long)'> (0x00000007871cdf30) 
thrown [src/hotspot/share/interpreter/linkResolver.cpp, line 796]
Event: 3.706 Thread 0x00007fc636a13600 Exception <a 'java/lang/NoSuchMethodError'{0x00000007871eb1f0}: 'void java.lang.invoke.DelegatingMethodHandle$Holder.reinvoke_L(java.lang.Object, java.lang.Object, java.lang.Object, long, int)'> (0x00000007871eb1f0) 
thrown [src/hotspot/share/interpreter/linkResolver.cpp, line 796]
Event: 3.711 Thread 0x00007fc636a13600 Exception <a 'java/lang/NoSuchMethodError'{0x00000007871fde28}: 'int java.lang.invoke.Invokers$Holder.invokeExact_MT(java.lang.Object, java.lang.Object, java.lang.Object, int, java.lang.Object, java.lang.Object)'> (0x00000007871fde28) 
thrown [src/hotspot/share/interpreter/linkResolver.cpp, line 796]
Event: 3.713 Thread 0x00007fc636a13600 Exception <a 'java/lang/NoSuchMethodError'{0x00000007870745d8}: 'int java.lang.invoke.DelegatingMethodHandle$Holder.reinvoke_L(java.lang.Object, java.lang.Object, java.lang.Object, long)'> (0x00000007870745d8) 
thrown [src/hotspot/share/interpreter/linkResolver.cpp, line 796]
Event: 3.715 Thread 0x00007fc636a13600 Exception <a 'java/lang/NoSuchMethodError'{0x0000000787095290}: 'java.lang.Object java.lang.invoke.DirectMethodHandle$Holder.invokeStatic(java.lang.Object, java.lang.Object, java.lang.Object, java.lang.Object, java.lang.Object, java.lang.Object, java.lang.Object, long)'> (0x0000000787095290) 
thrown [src/hotspot/share/interpreter/linkResolver.cpp, line 796]
Event: 7.830 Thread 0x00007fc636a49e00 Exception <a 'java/lang/NullPointerException'{0x000000078a200078}> (0x000000078a200078) 
thrown [src/hotspot/share/interpreter/linkResolver.cpp, line 1473]
Event: 83.684 Thread 0x00007fc636a49e00 Exception <a 'java/lang/NullPointerException'{0x0000000787811818}> (0x0000000787811818) 
thrown [src/hotspot/share/interpreter/linkResolver.cpp, line 1473]
Event: 83.693 Thread 0x00007fc636a49e00 Exception <a 'java/lang/NullPointerException'{0x0000000787811b10}> (0x0000000787811b10) 
thrown [src/hotspot/share/interpreter/linkResolver.cpp, line 1473]

VM Operations (20 events):
Event: 1442.990 Executing VM operation: HandshakeAllThreads (HandshakeForDeflation)
Event: 1442.990 Executing VM operation: HandshakeAllThreads (HandshakeForDeflation) done
Event: 1442.990 Executing VM operation: RendezvousGCThreads
Event: 1442.990 Executing VM operation: RendezvousGCThreads done
Event: 1444.461 Executing VM operation: G1CollectForAllocation (G1 Evacuation Pause)
Event: 1444.469 Executing VM operation: G1CollectForAllocation (G1 Evacuation Pause) done
Event: 1444.484 Executing VM operation: G1PauseRemark
Event: 1444.498 Executing VM operation: G1PauseRemark done
Event: 1444.500 Executing VM operation: G1PauseCleanup
Event: 1444.501 Executing VM operation: G1PauseCleanup done
Event: 1503.239 Executing VM operation: HandshakeAllThreads (HandshakeForDeflation)
Event: 1503.239 Executing VM operation: HandshakeAllThreads (HandshakeForDeflation) done
Event: 1503.239 Executing VM operation: RendezvousGCThreads
Event: 1503.239 Executing VM operation: RendezvousGCThreads done
Event: 1511.398 Executing VM operation: G1CollectForAllocation (G1 Evacuation Pause)
Event: 1511.406 Executing VM operation: G1CollectForAllocation (G1 Evacuation Pause) done
Event: 1563.252 Executing VM operation: HandshakeAllThreads (HandshakeForDeflation)
Event: 1563.252 Executing VM operation: HandshakeAllThreads (HandshakeForDeflation) done
Event: 1563.252 Executing VM operation: RendezvousGCThreads
Event: 1563.252 Executing VM operation: RendezvousGCThreads done

Memory protections (20 events):
Event: 0.094 Protecting memory [0x00000003061d5000,0x00000003061d9000] with protection modes 0
Event: 0.107 Protecting memory [0x00000003062d8000,0x00000003062dc000] with protection modes 0
Event: 0.117 Protecting memory [0x00000003063db000,0x00000003063df000] with protection modes 0
Event: 0.345 Protecting memory [0x0000000304a19000,0x0000000304a1d000] with protection modes 0
Event: 0.440 Protecting memory [0x00000003064de000,0x00000003064e2000] with protection modes 0
Event: 1.311 Protecting memory [0x000000030690a000,0x000000030690e000] with protection modes 0
Event: 1.461 Protecting memory [0x0000000306a0d000,0x0000000306a11000] with protection modes 0
Event: 1.497 Protecting memory [0x0000000306b10000,0x0000000306b14000] with protection modes 0
Event: 1.508 Protecting memory [0x0000000306c13000,0x0000000306c17000] with protection modes 0
Event: 1.732 Protecting memory [0x0000000306e1c000,0x0000000306e20000] with protection modes 0
Event: 1.777 Protecting memory [0x0000000306fa2000,0x0000000306fa6000] with protection modes 0
Event: 1.836 Protecting memory [0x0000000307128000,0x000000030712c000] with protection modes 0
Event: 2.082 Protecting memory [0x000000030529c000,0x00000003052a0000] with protection modes 3
Event: 2.083 Protecting memory [0x000000030529c000,0x00000003052a0000] with protection modes 0
Event: 5.396 Protecting memory [0x0000000307ac6000,0x0000000307aca000] with protection modes 0
Event: 5.447 Protecting memory [0x0000000307bc9000,0x0000000307bcd000] with protection modes 0
Event: 5.476 Protecting memory [0x0000000307ccc000,0x0000000307cd0000] with protection modes 0
Event: 5.482 Protecting memory [0x0000000307dcf000,0x0000000307dd3000] with protection modes 0
Event: 6.478 Protecting memory [0x0000000306a0d000,0x0000000306a11000] with protection modes 3
Event: 83.684 Protecting memory [0x0000000307ac6000,0x0000000307aca000] with protection modes 3

Nmethod flushes (20 events):
Event: 394.992 Thread 0x00007fc636125730 flushing  nmethod 0x00000001150d3808
Event: 394.992 Thread 0x00007fc636125730 flushing  nmethod 0x000000011515aa08
Event: 394.992 Thread 0x00007fc636125730 flushing  nmethod 0x000000011518db08
Event: 394.992 Thread 0x00007fc636125730 flushing  nmethod 0x000000011518e408
Event: 394.992 Thread 0x00007fc636125730 flushing  nmethod 0x0000000115190d88
Event: 394.992 Thread 0x00007fc636125730 flushing  nmethod 0x00000001150fec88
Event: 394.992 Thread 0x00007fc636125730 flushing  nmethod 0x0000000115101908
Event: 394.992 Thread 0x00007fc636125730 flushing  nmethod 0x0000000115102008
Event: 394.992 Thread 0x00007fc636125730 flushing  nmethod 0x0000000114f7d188
Event: 394.992 Thread 0x00007fc636125730 flushing  nmethod 0x0000000115011f08
Event: 394.992 Thread 0x00007fc636125730 flushing  nmethod 0x0000000115102d88
Event: 394.992 Thread 0x00007fc636125730 flushing  nmethod 0x0000000115104288
Event: 394.992 Thread 0x00007fc636125730 flushing  nmethod 0x0000000115105508
Event: 394.992 Thread 0x00007fc636125730 flushing  nmethod 0x0000000115106a88
Event: 521.797 Thread 0x00007fc636125730 flushing  nmethod 0x0000000115169088
Event: 1176.724 Thread 0x00007fc636125730 flushing osr nmethod 0x00000001150d0d08
Event: 1310.778 Thread 0x00007fc636125730 flushing  nmethod 0x000000011ca34488
Event: 1310.778 Thread 0x00007fc636125730 flushing  nmethod 0x0000000114f9bb88
Event: 1310.778 Thread 0x00007fc636125730 flushing osr nmethod 0x0000000114e0b688
Event: 1310.778 Thread 0x00007fc636125730 flushing  nmethod 0x0000000114ec5208

Events (20 events):
Event: 0.093 Thread 0x00007fc63700a000 Thread added: 0x00007fc63709f800
Event: 0.107 Thread 0x00007fc63700a000 Thread added: 0x00007fc62582b400
Event: 0.117 Thread 0x00007fc63700a000 Thread added: 0x00007fc63684b800
Event: 0.345 Thread 0x00007fc636849600 Thread added: 0x00007fc636849600
Event: 0.440 Thread 0x00007fc636849600 Thread added: 0x00007fc635815c00
Event: 1.311 Thread 0x00007fc63700a000 Thread added: 0x00007fc636a13600
Event: 1.461 Thread 0x00007fc636a13600 Thread added: 0x00007fc636a21800
Event: 1.497 Thread 0x00007fc636a13600 Thread added: 0x00007fc6371a0000
Event: 1.508 Thread 0x00007fc636a13600 Thread added: 0x00007fc63719e800
Event: 1.732 Thread 0x00007fc636a13600 Thread added: 0x00007fc636a49e00
Event: 1.777 Thread 0x00007fc636a13600 Thread added: 0x00007fc6371aac00
Event: 1.836 Thread 0x00007fc636a13600 Thread added: 0x00007fc6371aba00
Event: 2.083 Thread 0x00007fc63700a000 Thread exited: 0x00007fc63700a000
Event: 2.083 Thread 0x00007fc63581c800 Thread added: 0x00007fc63581c800
Event: 5.396 Thread 0x00007fc636a13600 Thread added: 0x00007fc6358afe00
Event: 5.447 Thread 0x00007fc6358afe00 Thread added: 0x00007fc5f61fee00
Event: 5.476 Thread 0x00007fc636a13600 Thread added: 0x00007fc6259b1800
Event: 5.481 Thread 0x00007fc636a13600 Thread added: 0x00007fc6358b0600
Event: 6.478 Thread 0x00007fc636a21800 Thread exited: 0x00007fc636a21800
Event: 83.685 Thread 0x00007fc6358afe00 Thread exited: 0x00007fc6358afe00


Dynamic libraries:
0x0000000108d56000 	/Users/jacobnoel/.p2/pool/plugins/org.eclipse.justj.openjdk.hotspot.jre.full.macosx.x86_64_23.0.1.v20241024-1700/jre/lib/libjli.dylib
0x00007ff833238000 	/System/Library/Frameworks/ApplicationServices.framework/Versions/A/ApplicationServices
0x00007ff81e417000 	/System/Library/Frameworks/CoreGraphics.framework/Versions/A/CoreGraphics
0x00007ff81a941000 	/System/Library/Frameworks/CoreText.framework/Versions/A/CoreText
0x00007ff8245cc000 	/System/Library/Frameworks/ImageIO.framework/Versions/A/ImageIO
0x00007ff81ed0b000 	/System/Library/Frameworks/ColorSync.framework/Versions/A/ColorSync
0x00007ff82b0e4000 	/System/Library/Frameworks/ApplicationServices.framework/Versions/A/Frameworks/ATS.framework/Versions/A/ATS
0x00007ff82edd3000 	/System/Library/Frameworks/CoreServices.framework/Versions/A/CoreServices
0x00007ff81eec0000 	/System/Library/Frameworks/ApplicationServices.framework/Versions/A/Frameworks/HIServices.framework/Versions/A/HIServices
0x00007ff8299c6000 	/System/Library/Frameworks/ApplicationServices.framework/Versions/A/Frameworks/PrintCore.framework/Versions/A/PrintCore
0x00007ff82b4cb000 	/System/Library/Frameworks/ApplicationServices.framework/Versions/A/Frameworks/QD.framework/Versions/A/QD
0x00007ff82b4c3000 	/System/Library/Frameworks/ApplicationServices.framework/Versions/A/Frameworks/ColorSyncLegacy.framework/Versions/A/ColorSyncLegacy
0x00007ff82b0ba000 	/System/Library/Frameworks/ApplicationServices.framework/Versions/A/Frameworks/SpeechSynthesis.framework/Versions/A/SpeechSynthesis
0x00007ff826e90000 	/usr/lib/libSystem.B.dylib
0x00007ff81df4a000 	/System/Library/PrivateFrameworks/SkyLight.framework/Versions/A/SkyLight
0x00007ff81f883000 	/System/Library/PrivateFrameworks/ProtocolBuffer.framework/Versions/A/ProtocolBuffer
0x00007ff826e95000 	/System/Library/PrivateFrameworks/SoftLinking.framework/Versions/A/SoftLinking
0x00007ff81b69c000 	/usr/lib/libicucore.A.dylib
0x00007ff820dd0000 	/System/Library/PrivateFrameworks/CoreAnalytics.framework/Versions/A/CoreAnalytics
0x00007ff823fd9000 	/System/Library/PrivateFrameworks/FontServices.framework/libFontParser.dylib
0x00007ff82f07e000 	/System/Library/Frameworks/Accelerate.framework/Versions/A/Accelerate
0x00007ff823bbe000 	/System/Library/Frameworks/IOSurface.framework/Versions/A/IOSurface
0x00007ff8221a6000 	/usr/lib/libxml2.2.dylib
0x00007ff81dadc000 	/System/Library/Frameworks/CFNetwork.framework/Versions/A/CFNetwork
0x00007ff818496000 	/System/Library/Frameworks/CoreFoundation.framework/Versions/A/CoreFoundation
0x00007ff819491000 	/System/Library/Frameworks/Foundation.framework/Versions/C/Foundation
0x00007ff826d9c000 	/usr/lib/libz.1.dylib
0x00007ff818039000 	/usr/lib/libobjc.A.dylib
0x00007ff818350000 	/usr/lib/libc++.1.dylib
0x00007ff81b2ba000 	/System/Library/Frameworks/Security.framework/Versions/A/Security
0x00007ffb2965a000 	/System/Library/PrivateFrameworks/CollectionsInternal.framework/Versions/A/CollectionsInternal
0x00007ff82a8eb000 	/usr/lib/swift/libswiftCore.dylib
0x00007ff920c60000 	/usr/lib/swift/libswiftCoreFoundation.dylib
0x00007ff91e28d000 	/usr/lib/swift/libswiftDarwin.dylib
0x00007ff830ba6000 	/usr/lib/swift/libswiftDispatch.dylib
0x00007ff920cae000 	/usr/lib/swift/libswiftIOKit.dylib
0x00007ff8336ff000 	/usr/lib/swift/libswiftObjectiveC.dylib
0x00007ff920c70000 	/usr/lib/swift/libswiftXPC.dylib
0x00007ffd21519000 	/usr/lib/swift/libswift_Builtin_float.dylib
0x00007ffd216ea000 	/usr/lib/swift/libswift_errno.dylib
0x00007ffd216ec000 	/usr/lib/swift/libswift_math.dylib
0x00007ffd216ef000 	/usr/lib/swift/libswift_signal.dylib
0x00007ffd216f0000 	/usr/lib/swift/libswift_stdio.dylib
0x00007ffd216f1000 	/usr/lib/swift/libswift_time.dylib
0x00007ffd216f2000 	/usr/lib/swift/libswiftsys_time.dylib
0x00007ffd216f3000 	/usr/lib/swift/libswiftunistd.dylib
0x00007ff81fbd3000 	/System/Library/PrivateFrameworks/RunningBoardServices.framework/Versions/A/RunningBoardServices
0x00007ff81de9e000 	/usr/lib/libMobileGestalt.dylib
0x00007ff81df2a000 	/System/Library/PrivateFrameworks/TCC.framework/Versions/A/TCC
0x00007ff8366af000 	/System/Library/PrivateFrameworks/IOSurfaceAccelerator.framework/Versions/A/IOSurfaceAccelerator
0x00007ff829274000 	/System/Library/PrivateFrameworks/WatchdogClient.framework/Versions/A/WatchdogClient
0x00007ff827078000 	/usr/lib/libcompression.dylib
0x00007ff820dfe000 	/usr/lib/libDiagnosticMessagesClient.dylib
0x00007ff81911d000 	/System/Library/Frameworks/SystemConfiguration.framework/Versions/A/SystemConfiguration
0x00007ff81a454000 	/System/Library/Frameworks/CoreDisplay.framework/Versions/A/CoreDisplay
0x00007ff825e75000 	/System/Library/PrivateFrameworks/IOMobileFramebuffer.framework/Versions/A/IOMobileFramebuffer
0x00007ff823e86000 	/System/Library/Frameworks/CoreMedia.framework/Versions/A/CoreMedia
0x00007ff823bd6000 	/System/Library/PrivateFrameworks/IOAccelerator.framework/Versions/A/IOAccelerator
0x00007ff81bcbb000 	/System/Library/Frameworks/IOKit.framework/Versions/A/IOKit
0x00007ff823bdf000 	/System/Library/Frameworks/Metal.framework/Versions/A/Metal
0x00007ff822289000 	/System/Library/Frameworks/CoreVideo.framework/Versions/A/CoreVideo
0x00007ff827070000 	/System/Library/Frameworks/MetalPerformanceShaders.framework/Versions/A/MetalPerformanceShaders
0x00007ff829276000 	/System/Library/PrivateFrameworks/MultitouchSupport.framework/Versions/A/MultitouchSupport
0x00007ff821a6b000 	/System/Library/Frameworks/QuartzCore.framework/Versions/A/QuartzCore
0x00007ff82617e000 	/usr/lib/libbsm.0.dylib
0x00007ffc26bc0000 	/System/Library/PrivateFrameworks/ProDisplayLibrary.framework/Versions/A/ProDisplayLibrary
0x00007ff8292ba000 	/System/Library/Frameworks/VideoToolbox.framework/Versions/A/VideoToolbox
0x00007ff92dad9000 	/usr/lib/swift/libswiftMetal.dylib
0x00007ffa1c99e000 	/usr/lib/swift/libswiftOSLog.dylib
0x00007ff932e8d000 	/usr/lib/swift/libswiftQuartzCore.dylib
0x00007ffa174d3000 	/usr/lib/swift/libswiftUniformTypeIdentifiers.dylib
0x00007ff833703000 	/usr/lib/swift/libswiftos.dylib
0x00007ff9246a0000 	/usr/lib/swift/libswiftsimd.dylib
0x00007ff82231b000 	/System/Library/PrivateFrameworks/UserManagement.framework/Versions/A/UserManagement
0x00007ff81faf0000 	/System/Library/PrivateFrameworks/BaseBoard.framework/Versions/A/BaseBoard
0x00007ff822123000 	/System/Library/Frameworks/CoreServices.framework/Versions/A/Frameworks/FSEvents.framework/Versions/A/FSEvents
0x00007ff81b950000 	/System/Library/Frameworks/CoreServices.framework/Versions/A/Frameworks/CarbonCore.framework/Versions/A/CarbonCore
0x00007ff820e5d000 	/System/Library/Frameworks/CoreServices.framework/Versions/A/Frameworks/Metadata.framework/Versions/A/Metadata
0x00007ff8269ed000 	/System/Library/Frameworks/CoreServices.framework/Versions/A/Frameworks/OSServices.framework/Versions/A/OSServices
0x00007ff826fbf000 	/System/Library/Frameworks/CoreServices.framework/Versions/A/Frameworks/SearchKit.framework/Versions/A/SearchKit
0x00007ff81fc38000 	/System/Library/Frameworks/CoreServices.framework/Versions/A/Frameworks/AE.framework/Versions/A/AE
0x00007ff818949000 	/System/Library/Frameworks/CoreServices.framework/Versions/A/Frameworks/LaunchServices.framework/Versions/A/LaunchServices
0x00007ff82859d000 	/System/Library/Frameworks/CoreServices.framework/Versions/A/Frameworks/DictionaryServices.framework/Versions/A/DictionaryServices
0x00007ff822131000 	/System/Library/Frameworks/CoreServices.framework/Versions/A/Frameworks/SharedFileList.framework/Versions/A/SharedFileList
0x00007ff827041000 	/usr/lib/libapple_nghttp2.dylib
0x00007ff81f89d000 	/usr/lib/libsqlite3.dylib
0x00007ff82b501000 	/System/Library/Frameworks/GSS.framework/Versions/A/GSS
0x00007ff829af7000 	/System/Library/PrivateFrameworks/InternationalSupport.framework/Versions/A/InternationalSupport
0x00007ff81de9d000 	/usr/lib/libenergytrace.dylib
0x00007ff81fcc0000 	/System/Library/Frameworks/Network.framework/Versions/A/Network
0x00007ff81bc39000 	/System/Library/PrivateFrameworks/CoreServicesInternal.framework/Versions/A/CoreServicesInternal
0x00007ff826e59000 	/usr/lib/liboah.dylib
0x00007ff826e92000 	/usr/lib/libfakelink.dylib
0x00007ff8183cf000 	/usr/lib/libc++abi.dylib
0x00007ffd202ad000 	/usr/lib/libRosetta.dylib
0x00007ff82215c000 	/System/Library/PrivateFrameworks/CoreAutoLayout.framework/Versions/A/CoreAutoLayout
0x00007ff820ee5000 	/System/Library/Frameworks/DiskArbitration.framework/Versions/A/DiskArbitration
0x00007ff826ee4000 	/usr/lib/libarchive.2.dylib
0x00007ff824e47000 	/usr/lib/liblangid.dylib
0x00007ff82cc43000 	/System/Library/Frameworks/Combine.framework/Versions/A/Combine
0x00007ffc2774b000 	/System/Library/PrivateFrameworks/ReflectionInternal.framework/Versions/A/ReflectionInternal
0x00007ffc282d3000 	/System/Library/PrivateFrameworks/RuntimeInternal.framework/Versions/A/RuntimeInternal
0x00007ffd214ae000 	/usr/lib/swift/libswiftSystem.dylib
0x00007ffd2151c000 	/usr/lib/swift/libswift_Concurrency.dylib
0x00007ffd21665000 	/usr/lib/swift/libswift_StringProcessing.dylib
0x00007ff826e8a000 	/usr/lib/system/libcache.dylib
0x00007ff826e43000 	/usr/lib/system/libcommonCrypto.dylib
0x00007ff826e6d000 	/usr/lib/system/libcompiler_rt.dylib
0x00007ff826e61000 	/usr/lib/system/libcopyfile.dylib
0x00007ff81817f000 	/usr/lib/system/libcorecrypto.dylib
0x00007ff81827c000 	/usr/lib/system/libdispatch.dylib
0x00007ff81842f000 	/usr/lib/system/libdyld.dylib
0x00007ff826e80000 	/usr/lib/system/libkeymgr.dylib
0x00007ff826e28000 	/usr/lib/system/libmacho.dylib
0x00007ff826159000 	/usr/lib/system/libquarantine.dylib
0x00007ff826e7d000 	/usr/lib/system/libremovefile.dylib
0x00007ff81df12000 	/usr/lib/system/libsystem_asl.dylib
0x00007ff818119000 	/usr/lib/system/libsystem_blocks.dylib
0x00007ff8182c7000 	/usr/lib/system/libsystem_c.dylib
0x00007ff826e75000 	/usr/lib/system/libsystem_collections.dylib
0x00007ff824e36000 	/usr/lib/system/libsystem_configuration.dylib
0x00007ff823b8f000 	/usr/lib/system/libsystem_containermanager.dylib
0x00007ff8269e6000 	/usr/lib/system/libsystem_coreservices.dylib
0x00007ff81b945000 	/usr/lib/system/libsystem_darwin.dylib
0x00007ffd2184c000 	/usr/lib/system/libsystem_darwindirectory.dylib
0x00007ff826e81000 	/usr/lib/system/libsystem_dnssd.dylib
0x00007ffd21851000 	/usr/lib/system/libsystem_eligibility.dylib
0x00007ff8182c4000 	/usr/lib/system/libsystem_featureflags.dylib
0x00007ff818468000 	/usr/lib/system/libsystem_info.dylib
0x00007ff826db0000 	/usr/lib/system/libsystem_m.dylib
0x00007ff818231000 	/usr/lib/system/libsystem_malloc.dylib
0x00007ff81de83000 	/usr/lib/system/libsystem_networkextension.dylib
0x00007ff81bd81000 	/usr/lib/system/libsystem_notify.dylib
0x00007ff824e3a000 	/usr/lib/system/libsystem_sandbox.dylib
0x00007ffd21859000 	/usr/lib/system/libsystem_sanitizers.dylib
0x00007ff826e7a000 	/usr/lib/system/libsystem_secinit.dylib
0x00007ff8183e6000 	/usr/lib/system/libsystem_kernel.dylib
0x00007ff81845e000 	/usr/lib/system/libsystem_platform.dylib
0x00007ff818423000 	/usr/lib/system/libsystem_pthread.dylib
0x00007ff81fcb8000 	/usr/lib/system/libsystem_symptoms.dylib
0x00007ff818164000 	/usr/lib/system/libsystem_trace.dylib
0x00007ff826e50000 	/usr/lib/system/libunwind.dylib
0x00007ff81811d000 	/usr/lib/system/libxpc.dylib
0x00007ff826122000 	/System/Library/PrivateFrameworks/BackgroundTaskManagement.framework/Versions/A/BackgroundTaskManagement
0x00007ffb258c5000 	/System/Library/PrivateFrameworks/AppleKeyStore.framework/Versions/A/AppleKeyStore
0x00007ffd2017b000 	/usr/lib/libCoreEntitlements.dylib
0x00007ffc1f578000 	/System/Library/PrivateFrameworks/MessageSecurity.framework/Versions/A/MessageSecurity
0x00007ff8269cc000 	/System/Library/PrivateFrameworks/AppleFSCompression.framework/Versions/A/AppleFSCompression
0x00007ff826166000 	/usr/lib/libcoretls.dylib
0x00007ff82860b000 	/usr/lib/libcoretls_cfhelpers.dylib
0x00007ff827072000 	/usr/lib/libpam.2.dylib
0x00007ff828685000 	/usr/lib/libxar.1.dylib
0x00007ff82860d000 	/System/Library/PrivateFrameworks/APFS.framework/Versions/A/APFS
0x00007ffc30697000 	/System/Library/PrivateFrameworks/SwiftASN1Internal.framework/Versions/A/SwiftASN1Internal
0x00007ff828693000 	/usr/lib/libutil.dylib
0x00007ff826e2c000 	/usr/lib/system/libkxld.dylib
0x00007ff824e42000 	/System/Library/PrivateFrameworks/AppleSystemInfo.framework/Versions/A/AppleSystemInfo
0x00007ff920b53000 	/System/Library/PrivateFrameworks/LoggingSupport.framework/Versions/A/LoggingSupport
0x00007ff82fd30000 	/System/Library/PrivateFrameworks/PowerLog.framework/Versions/A/PowerLog
0x00007ffb202cb000 	/System/Library/Frameworks/SwiftData.framework/Versions/A/SwiftData
0x00007ff81da02000 	/usr/lib/libboringssl.dylib
0x00007ff81fca8000 	/usr/lib/libdns_services.dylib
0x00007ff91fd62000 	/usr/lib/libquic.dylib
0x00007ff82a873000 	/usr/lib/libusrtcp.dylib
0x00007ffa24ad8000 	/System/Library/PrivateFrameworks/InternalSwiftProtobuf.framework/Versions/A/InternalSwiftProtobuf
0x00007ffd213f2000 	/usr/lib/swift/libswiftDistributed.dylib
0x00007ffd2141b000 	/usr/lib/swift/libswiftObservation.dylib
0x00007ffd214a4000 	/usr/lib/swift/libswiftSynchronization.dylib
0x00007ff81dadb000 	/usr/lib/libnetwork.dylib
0x00007ff931bcb000 	/System/Library/PrivateFrameworks/OSAnalytics.framework/Versions/A/OSAnalytics
0x00007ff82701f000 	/System/Library/PrivateFrameworks/AppleSauce.framework/Versions/A/AppleSauce
0x00007ff831339000 	/System/Library/PrivateFrameworks/CoreSymbolication.framework/Versions/A/CoreSymbolication
0x00007ffa204e0000 	/System/Library/PrivateFrameworks/Symbolication.framework/Versions/A/Symbolication
0x00007ff831319000 	/System/Library/PrivateFrameworks/DebugSymbols.framework/Versions/A/DebugSymbols
0x00007ffd2003a000 	/usr/lib/libAppleArchive.dylib
0x00007ff8269d7000 	/usr/lib/libbz2.1.0.dylib
0x00007ff8285eb000 	/usr/lib/liblzma.5.dylib
0x00007ff920be1000 	/System/Library/PrivateFrameworks/MallocStackLogging.framework/Versions/A/MallocStackLogging
0x00007ff82899d000 	/System/Library/PrivateFrameworks/CrashReporterSupport.framework/Versions/A/CrashReporterSupport
0x00007ff818fa2000 	/System/Library/PrivateFrameworks/Lexicon.framework/Versions/A/Lexicon
0x00007ffc1858f000 	/System/Library/PrivateFrameworks/IO80211.framework/Versions/A/IO80211
0x00007ff830e1b000 	/System/Library/PrivateFrameworks/FrontBoardServices.framework/Versions/A/FrontBoardServices
0x00007ff826098000 	/System/Library/Frameworks/SecurityFoundation.framework/Versions/A/SecurityFoundation
0x00007ff8261e9000 	/usr/lib/libgermantok.dylib
0x00007ff824f57000 	/System/Library/PrivateFrameworks/LinguisticData.framework/Versions/A/LinguisticData
0x00007ff830ee9000 	/System/Library/PrivateFrameworks/BoardServices.framework/Versions/A/BoardServices
0x00007ff82608b000 	/System/Library/PrivateFrameworks/AssertionServices.framework/Versions/A/AssertionServices
0x00007ff832b49000 	/System/Library/PrivateFrameworks/BackBoardServices.framework/Versions/A/BackBoardServices
0x00007ff829140000 	/System/Library/PrivateFrameworks/AppleJPEG.framework/Versions/A/AppleJPEG
0x00007ff828c00000 	/usr/lib/libexpat.1.dylib
0x00007ff82988f000 	/System/Library/Frameworks/ImageIO.framework/Versions/A/Resources/libPng.dylib
0x00007ff8298bd000 	/System/Library/Frameworks/ImageIO.framework/Versions/A/Resources/libTIFF.dylib
0x00007ff8299b1000 	/System/Library/Frameworks/ImageIO.framework/Versions/A/Resources/libGIF.dylib
0x00007ff82918d000 	/System/Library/Frameworks/ImageIO.framework/Versions/A/Resources/libJP2.dylib
0x00007ff828866000 	/usr/lib/libate.dylib
0x00007ff829951000 	/System/Library/Frameworks/ImageIO.framework/Versions/A/Resources/libJPEG.dylib
0x00007ff829948000 	/System/Library/Frameworks/ImageIO.framework/Versions/A/Resources/libRadiance.dylib
0x00007ff820eed000 	/System/Library/Frameworks/Accelerate.framework/Versions/A/Frameworks/vImage.framework/Versions/A/vImage
0x00007ff82edaa000 	/System/Library/Frameworks/Accelerate.framework/Versions/A/Frameworks/vecLib.framework/Versions/A/vecLib
0x00007ff8286c8000 	/System/Library/Frameworks/Accelerate.framework/Versions/A/Frameworks/vecLib.framework/Versions/A/libvMisc.dylib
0x00007ff818dd0000 	/System/Library/Frameworks/Accelerate.framework/Versions/A/Frameworks/vecLib.framework/Versions/A/libBLAS.dylib
0x00007ffb19214000 	/System/Library/Frameworks/OpenGL.framework/Versions/A/OpenGL
0x00007ffb347b8000 	/System/Library/PrivateFrameworks/GPUCompiler.framework/Versions/32023/Libraries/libllvm-flatbuffers.dylib
0x00007ffb2f7a9000 	/System/Library/PrivateFrameworks/FramePacing.framework/Versions/A/FramePacing
0x00007ffb19208000 	/System/Library/Frameworks/OpenGL.framework/Versions/A/Libraries/libCoreFSCache.dylib
0x00007ffb303c1000 	/System/Library/PrivateFrameworks/GPUCompiler.framework/Versions/32023/Libraries/libGPUCompilerUtils.dylib
0x00007ffb19266000 	/System/Library/Frameworks/OpenGL.framework/Versions/A/Libraries/libGLU.dylib
0x00007ffb19227000 	/System/Library/Frameworks/OpenGL.framework/Versions/A/Libraries/libGFXShared.dylib
0x00007ffb19423000 	/System/Library/Frameworks/OpenGL.framework/Versions/A/Libraries/libGL.dylib
0x00007ffb19230000 	/System/Library/Frameworks/OpenGL.framework/Versions/A/Libraries/libGLImage.dylib
0x00007ffb19224000 	/System/Library/Frameworks/OpenGL.framework/Versions/A/Libraries/libCVMSPluginSupport.dylib
0x00007ffb1920f000 	/System/Library/Frameworks/OpenGL.framework/Versions/A/Libraries/libCoreVMClient.dylib
0x00007ff824963000 	/System/Library/Frameworks/CoreImage.framework/Versions/A/CoreImage
0x00007ffc25eb1000 	/System/Library/PrivateFrameworks/PhotosensitivityProcessing.framework/Versions/A/PhotosensitivityProcessing
0x00007ffb19ec5000 	/System/Library/Frameworks/OpenCL.framework/Versions/A/OpenCL
0x00007ff828dd1000 	/System/Library/PrivateFrameworks/GraphVisualizer.framework/Versions/A/GraphVisualizer
0x00007ff825e44000 	/System/Library/PrivateFrameworks/CoreEmoji.framework/Versions/A/CoreEmoji
0x00007ffb2f6de000 	/System/Library/PrivateFrameworks/FontServices.framework/Versions/A/FontServices
0x00007ff81d51a000 	/System/Library/Frameworks/UniformTypeIdentifiers.framework/Versions/A/UniformTypeIdentifiers
0x00007ff828de0000 	/System/Library/PrivateFrameworks/OTSVG.framework/Versions/A/OTSVG
0x00007ff821e18000 	/System/Library/Frameworks/ApplicationServices.framework/Versions/A/Frameworks/ATS.framework/Versions/A/Resources/libFontRegistry.dylib
0x00007ff826070000 	/System/Library/PrivateFrameworks/MobileKeyBag.framework/Versions/A/MobileKeyBag
0x00007ff824e41000 	/System/Library/PrivateFrameworks/AggregateDictionary.framework/Versions/A/AggregateDictionary
0x00007ffd207f1000 	/usr/lib/libhvf.dylib
0x00007ffc231c6000 	/System/Library/PrivateFrameworks/ParsingInternal.framework/Versions/A/ParsingInternal
0x00007ffd21437000 	/usr/lib/swift/libswiftRegexBuilder.dylib
0x00007ffd215b7000 	/usr/lib/swift/libswift_RegexParser.dylib
0x00007ffb2f6df000 	/System/Library/PrivateFrameworks/FontServices.framework/libXTFontStaticRegistryData.dylib
0x00007ff824d7b000 	/System/Library/Frameworks/MetalPerformanceShaders.framework/Versions/A/Frameworks/MPSCore.framework/Versions/A/MPSCore
0x00007ff826927000 	/System/Library/Frameworks/MetalPerformanceShaders.framework/Versions/A/Frameworks/MPSImage.framework/Versions/A/MPSImage
0x00007ff826202000 	/System/Library/Frameworks/MetalPerformanceShaders.framework/Versions/A/Frameworks/MPSNeuralNetwork.framework/Versions/A/MPSNeuralNetwork
0x00007ff826762000 	/System/Library/Frameworks/MetalPerformanceShaders.framework/Versions/A/Frameworks/MPSMatrix.framework/Versions/A/MPSMatrix
0x00007ff826518000 	/System/Library/Frameworks/MetalPerformanceShaders.framework/Versions/A/Frameworks/MPSRayIntersector.framework/Versions/A/MPSRayIntersector
0x00007ff8267a1000 	/System/Library/Frameworks/MetalPerformanceShaders.framework/Versions/A/Frameworks/MPSNDArray.framework/Versions/A/MPSNDArray
0x00007ffb1d5e7000 	/System/Library/Frameworks/MetalPerformanceShaders.framework/Versions/A/Frameworks/MPSFunctions.framework/Versions/A/MPSFunctions
0x00007ffb1d5c9000 	/System/Library/Frameworks/MetalPerformanceShaders.framework/Versions/A/Frameworks/MPSBenchmarkLoop.framework/Versions/A/MPSBenchmarkLoop
0x00007ff818c41000 	/System/Library/PrivateFrameworks/MetalTools.framework/Versions/A/MetalTools
0x00007ff925bec000 	/System/Library/PrivateFrameworks/IOAccelMemoryInfo.framework/Versions/A/IOAccelMemoryInfo
0x00007ff933293000 	/System/Library/PrivateFrameworks/kperf.framework/Versions/A/kperf
0x00007ff920c42000 	/System/Library/PrivateFrameworks/GPURawCounter.framework/Versions/A/GPURawCounter
0x00007ff825c4f000 	/System/Library/Frameworks/Accelerate.framework/Versions/A/Frameworks/vecLib.framework/Versions/A/libvDSP.dylib
0x00007ff82715c000 	/System/Library/Frameworks/Accelerate.framework/Versions/A/Frameworks/vecLib.framework/Versions/A/libLAPACK.dylib
0x00007ff8261ec000 	/System/Library/Frameworks/Accelerate.framework/Versions/A/Frameworks/vecLib.framework/Versions/A/libLinearAlgebra.dylib
0x00007ff82705c000 	/System/Library/Frameworks/Accelerate.framework/Versions/A/Frameworks/vecLib.framework/Versions/A/libSparseBLAS.dylib
0x00007ff827156000 	/System/Library/Frameworks/Accelerate.framework/Versions/A/Frameworks/vecLib.framework/Versions/A/libQuadrature.dylib
0x00007ff824f5d000 	/System/Library/Frameworks/Accelerate.framework/Versions/A/Frameworks/vecLib.framework/Versions/A/libBNNS.dylib
0x00007ff8190a6000 	/System/Library/Frameworks/Accelerate.framework/Versions/A/Frameworks/vecLib.framework/Versions/A/libSparse.dylib
0x00007ffc1ca5f000 	/System/Library/PrivateFrameworks/MIL.framework/Versions/A/MIL
0x00007ff830f96000 	/System/Library/PrivateFrameworks/GraphicsServices.framework/Versions/A/GraphicsServices
0x00007ff826ecc000 	/usr/lib/libiconv.2.dylib
0x00007ff826e27000 	/usr/lib/libcharset.1.dylib
0x00007ff825f01000 	/System/Library/PrivateFrameworks/CoreUtils.framework/Versions/A/CoreUtils
0x00007ffb1bb43000 	/System/Library/Frameworks/ExtensionFoundation.framework/Versions/A/ExtensionFoundation
0x00007ff920c46000 	/usr/lib/swift/libswiftCoreAudio.dylib
0x00007ffb2d176000 	/System/Library/PrivateFrameworks/CoreUtilsExtras.framework/Versions/A/CoreUtilsExtras
0x00007ff828af0000 	/System/Library/PrivateFrameworks/PlugInKit.framework/Versions/A/PlugInKit
0x00007ff8220fb000 	/System/Library/Frameworks/OpenDirectory.framework/Versions/A/OpenDirectory
0x00007ff822107000 	/System/Library/Frameworks/OpenDirectory.framework/Versions/A/Frameworks/CFOpenDirectory.framework/Versions/A/CFOpenDirectory
0x00007ff81ab7a000 	/System/Library/Frameworks/CoreAudio.framework/Versions/A/CoreAudio
0x00007ff828e26000 	/System/Library/PrivateFrameworks/AppServerSupport.framework/Versions/A/AppServerSupport
0x00007ff82b4d5000 	/System/Library/PrivateFrameworks/perfdata.framework/Versions/A/perfdata
0x00007ff81a57f000 	/System/Library/PrivateFrameworks/AudioToolboxCore.framework/Versions/A/AudioToolboxCore
0x00007ff823e62000 	/System/Library/PrivateFrameworks/caulk.framework/Versions/A/caulk
0x00007ff82b0a2000 	/usr/lib/libAudioStatistics.dylib
0x00007ff91fe4f000 	/System/Library/PrivateFrameworks/SystemPolicy.framework/Versions/A/SystemPolicy
0x00007ff82b374000 	/usr/lib/libSMC.dylib
0x00007ff835ae5000 	/System/Library/Frameworks/CoreMIDI.framework/Versions/A/CoreMIDI
0x00007ff82985a000 	/usr/lib/libAudioToolboxUtility.dylib
0x00007ff82b4e3000 	/usr/lib/libperfcheck.dylib
0x00007ffb2673b000 	/System/Library/PrivateFrameworks/AudioAnalytics.framework/Versions/A/AudioAnalytics
0x00007ffa2b8a7000 	/System/Library/PrivateFrameworks/FeatureFlags.framework/Versions/A/FeatureFlags
0x00007ffa248ae000 	/System/Library/Frameworks/OSLog.framework/Versions/A/OSLog
0x00007ff920c11000 	/usr/lib/libmis.dylib
0x00007ff81f373000 	/System/Library/Frameworks/CoreData.framework/Versions/A/CoreData
0x00007ff828c1c000 	/usr/lib/libheimdal-asn1.dylib
0x00007ffd20308000 	/usr/lib/libTLE.dylib
0x00007ff832d10000 	/System/Library/PrivateFrameworks/DiskImages.framework/Versions/A/DiskImages
0x00007ff91ddc5000 	/System/Library/Frameworks/NetFS.framework/Versions/A/NetFS
0x00007ff828c71000 	/System/Library/PrivateFrameworks/IconServices.framework/Versions/A/IconServices
0x00007ffb1b57c000 	/System/Library/Frameworks/CoreTransferable.framework/Versions/A/CoreTransferable
0x00007ff828c25000 	/System/Library/PrivateFrameworks/IconFoundation.framework/Versions/A/IconFoundation
0x00007ff821e65000 	/System/Library/PrivateFrameworks/CoreUI.framework/Versions/A/CoreUI
0x00007ff829a39000 	/System/Library/PrivateFrameworks/TextureIO.framework/Versions/A/TextureIO
0x00007ff824594000 	/System/Library/PrivateFrameworks/CoreSVG.framework/Versions/A/CoreSVG
0x00007ffa174e2000 	/usr/lib/swift/libswiftAccelerate.dylib
0x00007ff82aeab000 	/System/Library/Frameworks/AudioToolbox.framework/Versions/A/AudioToolbox
0x00007ff82b049000 	/System/Library/PrivateFrameworks/AudioSession.framework/Versions/A/AudioSession
0x00007ff828d08000 	/System/Library/PrivateFrameworks/MediaExperience.framework/Versions/A/MediaExperience
0x00007ff82ae6a000 	/System/Library/PrivateFrameworks/AudioSession.framework/libSessionUtility.dylib
0x00007ff8299b7000 	/System/Library/PrivateFrameworks/CMCaptureCore.framework/Versions/A/CMCaptureCore
0x00007ff828e31000 	/usr/lib/libspindump.dylib
0x00007ff83144b000 	/System/Library/PrivateFrameworks/CoreTime.framework/Versions/A/CoreTime
0x00007ff91a860000 	/usr/lib/libAccessibility.dylib
0x00007ff82f0cb000 	/System/Library/Frameworks/MediaAccessibility.framework/Versions/A/MediaAccessibility
0x00007ffc36752000 	/System/Library/PrivateFrameworks/VideoToolboxParavirtualizationSupport.framework/Versions/A/VideoToolboxParavirtualizationSupport
0x00007ff828bb2000 	/System/Library/PrivateFrameworks/AppleVA.framework/Versions/A/AppleVA
0x00007ff82fc37000 	/System/Library/Frameworks/CoreBluetooth.framework/Versions/A/CoreBluetooth
0x00007ff82b6bf000 	/System/Library/PrivateFrameworks/CorePhoneNumbers.framework/Versions/A/CorePhoneNumbers
0x00007ffb1a631000 	/System/Library/Frameworks/AVFAudio.framework/Versions/A/AVFAudio
0x00007ff828994000 	/usr/lib/libIOReport.dylib
0x00007ffb2636e000 	/System/Library/PrivateFrameworks/AppleMobileFileIntegrity.framework/Versions/A/AppleMobileFileIntegrity
0x00007ffa341cf000 	/System/Library/PrivateFrameworks/ConfigProfileHelper.framework/Versions/A/ConfigProfileHelper
0x00007ff82618e000 	/usr/lib/libmecab.dylib
0x00007ffc1b683000 	/System/Library/PrivateFrameworks/IsolatedCoreAudioClient.framework/Versions/A/IsolatedCoreAudioClient
0x00007ff82c9c7000 	/System/Library/Frameworks/IOBluetooth.framework/Versions/A/IOBluetooth
0x00007ffc33113000 	/System/Library/PrivateFrameworks/Tightbeam.framework/Versions/A/Tightbeam
0x00007ffb2a01b000 	/System/Library/PrivateFrameworks/CoreAudioOrchestration.framework/Versions/A/CoreAudioOrchestration
0x00007ffa17b11000 	/System/Library/PrivateFrameworks/AFKUser.framework/Versions/A/AFKUser
0x00007ff833658000 	/System/Library/Frameworks/AudioUnit.framework/Versions/A/AudioUnit
0x00007ff829941000 	/System/Library/PrivateFrameworks/GPUWrangler.framework/Versions/A/GPUWrangler
0x00007ff829925000 	/System/Library/PrivateFrameworks/IOPresentment.framework/Versions/A/IOPresentment
0x00007ff82994b000 	/System/Library/PrivateFrameworks/DSExternalDisplay.framework/Versions/A/DSExternalDisplay
0x00007ff8191a3000 	/usr/lib/libCRFSuite.dylib
0x00007ff824e49000 	/System/Library/PrivateFrameworks/CoreNLP.framework/Versions/A/CoreNLP
0x00007ff827017000 	/usr/lib/libThaiTokenizer.dylib
0x00007ff920cad000 	/usr/lib/swift/libswiftCoreImage.dylib
0x00007ff82fe12000 	/System/Library/PrivateFrameworks/MediaKit.framework/Versions/A/MediaKit
0x00007ff82fd6c000 	/System/Library/Frameworks/DiscRecording.framework/Versions/A/DiscRecording
0x00007ff829dff000 	/System/Library/PrivateFrameworks/DataDetectorsCore.framework/Versions/A/DataDetectorsCore
0x00007ff92474d000 	/System/Library/PrivateFrameworks/TextInput.framework/Versions/A/TextInput
0x00007ff81d33e000 	/System/Library/PrivateFrameworks/UIFoundation.framework/Versions/A/UIFoundation
0x00007ff82b4b8000 	/System/Library/PrivateFrameworks/NetAuth.framework/Versions/A/NetAuth
0x00007ff8222dd000 	/System/Library/PrivateFrameworks/login.framework/Versions/A/Frameworks/loginsupport.framework/Versions/A/loginsupport
0x00007ff832ebd000 	/usr/lib/libcurl.4.dylib
0x00007ffd2069b000 	/usr/lib/libcrypto.46.dylib
0x00007ffd211d1000 	/usr/lib/libssl.48.dylib
0x00007ff832ba3000 	/System/Library/Frameworks/LDAP.framework/Versions/A/LDAP
0x00007ff82b4f2000 	/System/Library/Frameworks/Kerberos.framework/Versions/A/Kerberos
0x00007ff832bdd000 	/System/Library/PrivateFrameworks/TrustEvaluationAgent.framework/Versions/A/TrustEvaluationAgent
0x00007ff82b17a000 	/usr/lib/libsasl2.2.dylib
0x00007ff82b15d000 	/usr/lib/libresolv.9.dylib
0x00007ff828e38000 	/System/Library/PrivateFrameworks/Heimdal.framework/Versions/A/Heimdal
0x00007ff833657000 	/System/Library/Frameworks/Kerberos.framework/Versions/A/Libraries/libHeimdalProxy.dylib
0x00007ff82b54a000 	/System/Library/PrivateFrameworks/CommonAuth.framework/Versions/A/CommonAuth
0x00007ff82615c000 	/usr/lib/libCheckFix.dylib
0x00007ff820e00000 	/System/Library/PrivateFrameworks/MetadataUtilities.framework/Versions/A/MetadataUtilities
0x00007ffc18d5f000 	/System/Library/PrivateFrameworks/InstalledContentLibrary.framework/Versions/A/InstalledContentLibrary
0x00007ff81bc7a000 	/System/Library/PrivateFrameworks/CoreServicesStore.framework/Versions/A/CoreServicesStore
0x00007ff822159000 	/usr/lib/libapp_launch_measurement.dylib
0x00007ff933393000 	/System/Library/PrivateFrameworks/MobileSystemServices.framework/Versions/A/MobileSystemServices
0x00007ff828697000 	/usr/lib/libxslt.1.dylib
0x00007ffa24cbe000 	/System/Library/PrivateFrameworks/HIDDisplay.framework/Versions/A/HIDDisplay
0x00007ff919aca000 	/System/Library/PrivateFrameworks/HID.framework/Versions/A/HID
0x00007ff829982000 	/System/Library/Frameworks/ApplicationServices.framework/Versions/A/Frameworks/ATSUI.framework/Versions/A/ATSUI
0x00007ff82b455000 	/usr/lib/libcups.2.dylib
0x00007ff91a7bb000 	/System/Library/PrivateFrameworks/AXCoreUtilities.framework/Versions/A/AXCoreUtilities
0x00007ff928fa0000 	/System/Library/PrivateFrameworks/AttributeGraph.framework/Versions/A/AttributeGraph
0x00007ffd1ffbb000 	/usr/lib/libAXSafeCategoryBundle.dylib
0x00007ff835cde000 	/System/Library/Frameworks/Cocoa.framework/Versions/A/Cocoa
0x00007ff81bdec000 	/System/Library/Frameworks/AppKit.framework/Versions/C/AppKit
0x00007ffb29633000 	/System/Library/PrivateFrameworks/CollectionViewCore.framework/Versions/A/CollectionViewCore
0x00007ff82e990000 	/System/Library/PrivateFrameworks/RemoteViewServices.framework/Versions/A/RemoteViewServices
0x00007ff82458f000 	/System/Library/PrivateFrameworks/XCTTargetBootstrap.framework/Versions/A/XCTTargetBootstrap
0x00007ff829e46000 	/System/Library/PrivateFrameworks/UserActivity.framework/Versions/A/UserActivity
0x00007ffc34cfc000 	/System/Library/PrivateFrameworks/UIIntelligenceSupport.framework/Versions/A/UIIntelligenceSupport
0x00007ffb203f4000 	/System/Library/Frameworks/SwiftUICore.framework/Versions/A/SwiftUICore
0x00007ffd19760000 	/System/Library/PrivateFrameworks/WritingTools.framework/Versions/A/WritingTools
0x00007ffd188b8000 	/System/Library/PrivateFrameworks/WindowManagement.framework/Versions/A/WindowManagement
0x00007ff82457c000 	/System/Library/PrivateFrameworks/DFRFoundation.framework/Versions/A/DFRFoundation
0x00007ff82429a000 	/System/Library/Frameworks/Carbon.framework/Versions/A/Frameworks/HIToolbox.framework/Versions/A/HIToolbox
0x00007ff82e9c8000 	/System/Library/Frameworks/Carbon.framework/Versions/A/Frameworks/SpeechRecognition.framework/Versions/A/SpeechRecognition
0x00007ff918e34000 	/System/Library/PrivateFrameworks/RenderBox.framework/Versions/A/RenderBox
0x00007ff8220f0000 	/System/Library/PrivateFrameworks/PerformanceAnalysis.framework/Versions/A/PerformanceAnalysis
0x00007ff82ed4e000 	/System/Library/Frameworks/Accessibility.framework/Versions/A/Accessibility
0x00007ffb1ba20000 	/System/Library/Frameworks/DataDetection.framework/Versions/A/DataDetection
0x00007ffb1ba23000 	/System/Library/Frameworks/DeveloperToolsSupport.framework/Versions/A/DeveloperToolsSupport
0x00007ffb20f3e000 	/System/Library/Frameworks/Symbols.framework/Versions/A/Symbols
0x00007ffd213f1000 	/usr/lib/swift/libswiftDataDetection.dylib
0x00007ff91e28c000 	/usr/lib/swift/libswiftCoreGraphics.dylib
0x00007ff82f6e8000 	/usr/lib/swift/libswiftFoundation.dylib
0x00007ffa33c5d000 	/usr/lib/swift/libswiftSwiftOnoneSupport.dylib
0x00007ffa20bec000 	/System/Library/PrivateFrameworks/CoreMaterial.framework/Versions/A/CoreMaterial
0x00007ffc283bb000 	/System/Library/PrivateFrameworks/SFSymbols.framework/Versions/A/SFSymbols
0x00007ff82e9b8000 	/System/Library/PrivateFrameworks/SpeechRecognitionCore.framework/Versions/A/SpeechRecognitionCore
0x000000010a0b6000 	/Users/jacobnoel/.p2/pool/plugins/org.eclipse.justj.openjdk.hotspot.jre.full.macosx.x86_64_23.0.1.v20241024-1700/jre/lib/server/libjvm.dylib
0x0000000108e3a000 	/Users/jacobnoel/.p2/pool/plugins/org.eclipse.justj.openjdk.hotspot.jre.full.macosx.x86_64_23.0.1.v20241024-1700/jre/lib/libjimage.dylib
0x0000000108ed2000 	/Users/jacobnoel/.p2/pool/plugins/org.eclipse.justj.openjdk.hotspot.jre.full.macosx.x86_64_23.0.1.v20241024-1700/jre/lib/libjava.dylib
0x0000000109a8e000 	/Users/jacobnoel/.p2/pool/plugins/org.eclipse.justj.openjdk.hotspot.jre.full.macosx.x86_64_23.0.1.v20241024-1700/jre/lib/libzip.dylib
0x0000000109afe000 	/Users/jacobnoel/.p2/pool/plugins/org.eclipse.justj.openjdk.hotspot.jre.full.macosx.x86_64_23.0.1.v20241024-1700/jre/lib/libnio.dylib
0x0000000109b3c000 	/Users/jacobnoel/.p2/pool/plugins/org.eclipse.justj.openjdk.hotspot.jre.full.macosx.x86_64_23.0.1.v20241024-1700/jre/lib/libnet.dylib
0x0000000109cbb000 	/Users/jacobnoel/.p2/pool/plugins/org.eclipse.justj.openjdk.hotspot.jre.full.macosx.x86_64_23.0.1.v20241024-1700/jre/lib/libawt.dylib
0x00007ffb1c869000 	/System/Library/Frameworks/JavaRuntimeSupport.framework/Versions/A/JavaRuntimeSupport
0x00007ff91f89a000 	/System/Library/Frameworks/Carbon.framework/Versions/A/Carbon
0x00007ff838047000 	/System/Library/Frameworks/Carbon.framework/Versions/A/Frameworks/CommonPanels.framework/Versions/A/CommonPanels
0x00007ff832eaa000 	/System/Library/Frameworks/Carbon.framework/Versions/A/Frameworks/Help.framework/Versions/A/Help
0x00007ff83804b000 	/System/Library/Frameworks/Carbon.framework/Versions/A/Frameworks/ImageCapture.framework/Versions/A/ImageCapture
0x00007ff838029000 	/System/Library/Frameworks/Carbon.framework/Versions/A/Frameworks/OpenScripting.framework/Versions/A/OpenScripting
0x00007ff838046000 	/System/Library/Frameworks/Carbon.framework/Versions/A/Frameworks/Ink.framework/Versions/A/Ink
0x00007ff838043000 	/System/Library/Frameworks/Carbon.framework/Versions/A/Frameworks/SecurityHI.framework/Versions/A/SecurityHI
0x000000016f068000 	/Users/jacobnoel/.p2/pool/plugins/org.eclipse.justj.openjdk.hotspot.jre.full.macosx.x86_64_23.0.1.v20241024-1700/jre/lib/libawt_lwawt.dylib
0x0000000109c48000 	/Users/jacobnoel/.p2/pool/plugins/org.eclipse.justj.openjdk.hotspot.jre.full.macosx.x86_64_23.0.1.v20241024-1700/jre/lib/libosxapp.dylib
0x00007ff91e2ec000 	/System/Library/Frameworks/ExceptionHandling.framework/Versions/A/ExceptionHandling
0x000000016f33b000 	/Users/jacobnoel/.p2/pool/plugins/org.eclipse.justj.openjdk.hotspot.jre.full.macosx.x86_64_23.0.1.v20241024-1700/jre/lib/libfontmanager.dylib
0x0000000109ee5000 	/Users/jacobnoel/.p2/pool/plugins/org.eclipse.justj.openjdk.hotspot.jre.full.macosx.x86_64_23.0.1.v20241024-1700/jre/lib/libfreetype.dylib
0x00007ff821fd2000 	/System/Library/PrivateFrameworks/ViewBridge.framework/Versions/A/ViewBridge
0x000000010cfa9000 	/usr/lib/libobjc-trampolines.dylib
0x00007ff929f2b000 	/System/Library/CoreServices/RawCamera.bundle/Contents/MacOS/RawCamera
0x00007ff833677000 	/System/Library/PrivateFrameworks/StreamingZip.framework/Versions/A/StreamingZip
0x00007ff82b559000 	/System/Library/PrivateFrameworks/MobileAsset.framework/Versions/A/MobileAsset
0x00007ff9278e9000 	/System/Library/PrivateFrameworks/SoftwareUpdateCoreSupport.framework/Versions/A/SoftwareUpdateCoreSupport
0x00007ff92f1f9000 	/System/Library/PrivateFrameworks/SoftwareUpdateCoreConnect.framework/Versions/A/SoftwareUpdateCoreConnect
0x00007ff832df9000 	/System/Library/PrivateFrameworks/RemoteServiceDiscovery.framework/Versions/A/RemoteServiceDiscovery
0x00007ff927550000 	/System/Library/PrivateFrameworks/MSUDataAccessor.framework/Versions/A/MSUDataAccessor
0x00007ff922cb9000 	/usr/lib/libbootpolicy.dylib
0x00007ff832e0e000 	/System/Library/PrivateFrameworks/RemoteXPC.framework/Versions/A/RemoteXPC
0x00007ff92e70f000 	/usr/lib/libFDR.dylib
0x00007ff9348a8000 	/usr/lib/libamsupport.dylib
0x00007ffb251cd000 	/System/Library/PrivateFrameworks/AppleDeviceQuerySupport.framework/Versions/A/AppleDeviceQuerySupport
0x00007ffa176cb000 	/usr/lib/libpartition2_dynamic.dylib
0x00007ffb25593000 	/System/Library/PrivateFrameworks/AppleJPEGXL.framework/Versions/A/AppleJPEGXL
0x00007ff832897000 	/System/Library/PrivateFrameworks/CoreWiFi.framework/Versions/A/CoreWiFi
0x00007ffd20cc8000 	/usr/lib/libmrc.dylib
0x00007ffc185f3000 	/System/Library/PrivateFrameworks/IPConfiguration.framework/Versions/A/IPConfiguration
0x00007ffa20bb3000 	/System/Library/PrivateFrameworks/Netrb.framework/Versions/A/Netrb
0x00007ffa2b926000 	/System/Library/PrivateFrameworks/WiFiPeerToPeer.framework/Versions/A/WiFiPeerToPeer
0x00007ff826bfe000 	/System/Library/Frameworks/UserNotifications.framework/Versions/A/UserNotifications
0x00007ff82b6c8000 	/usr/lib/libTelephonyUtilDynamic.dylib
0x00007ff829eb5000 	/System/Library/Frameworks/MediaToolbox.framework/Versions/A/MediaToolbox
0x00007ff8302ee000 	/System/Library/PrivateFrameworks/CoreAVCHD.framework/Versions/A/CoreAVCHD
0x00007ff8302ea000 	/System/Library/PrivateFrameworks/Mangrove.framework/Versions/A/Mangrove
0x00007ffb27fb1000 	/System/Library/PrivateFrameworks/CMPhoto.framework/Versions/A/CMPhoto
0x00007ff8309ec000 	/System/Library/Frameworks/CoreTelephony.framework/Versions/A/CoreTelephony
0x00007ff8311eb000 	/System/Library/PrivateFrameworks/AppleVPA.framework/Versions/A/AppleVPA
0x00007ff82ff2f000 	/System/Library/PrivateFrameworks/CoreAUC.framework/Versions/A/CoreAUC
0x00007ff926f0c000 	/System/Library/Frameworks/Accelerate.framework/Versions/A/Frameworks/vImage.framework/Versions/A/Libraries/libCGInterfaces.dylib
0x00007ffd1ffbf000 	/usr/lib/libAccessibilityBaseImplementations.dylib
0x00007ffd19764000 	/System/Library/PrivateFrameworks/WritingToolsUI.framework/Versions/A/WritingToolsUI
0x00007ffb357d4000 	/System/Library/PrivateFrameworks/GenerativeAssistantSettings.framework/Versions/A/GenerativeAssistantSettings
0x00007ffc31296000 	/System/Library/PrivateFrameworks/TextComposer.framework/Versions/A/TextComposer
0x00007ff920c66000 	/usr/lib/swift/libswiftIntents.dylib
0x00007ffd21446000 	/usr/lib/swift/libswiftSpatial.dylib
0x00007ffb1a77f000 	/System/Library/Frameworks/AppIntents.framework/Versions/A/AppIntents
0x00007ff927d51000 	/System/Library/Frameworks/SwiftUI.framework/Versions/A/SwiftUI
0x00007ff91e361000 	/System/Library/Frameworks/WebKit.framework/Versions/A/WebKit
0x00007ffb21b11000 	/System/Library/Frameworks/_AuthenticationServices_SwiftUI.framework/Versions/A/_AuthenticationServices_SwiftUI
0x00007ffb2410b000 	/System/Library/PrivateFrameworks/Anvil.framework/Versions/A/Anvil
0x00007ff9273ca000 	/System/Library/PrivateFrameworks/AppStoreDaemon.framework/Versions/A/AppStoreDaemon
0x00007ff835d25000 	/System/Library/PrivateFrameworks/AppleMediaServices.framework/Versions/A/AppleMediaServices
0x00007ff923de9000 	/System/Library/PrivateFrameworks/AppleMediaServicesUI.framework/Versions/A/AppleMediaServicesUI
0x00007ffb357b5000 	/System/Library/PrivateFrameworks/GenerativeAssistantCommon.framework/Versions/A/GenerativeAssistantCommon
0x00007ffa3334d000 	/System/Library/PrivateFrameworks/JetEngine.framework/Versions/A/JetEngine
0x00007ffc1c450000 	/System/Library/PrivateFrameworks/LinkMetadata.framework/Versions/A/LinkMetadata
0x00007ff9215d0000 	/System/Library/PrivateFrameworks/OnBoardingKit.framework/Versions/A/OnBoardingKit
0x00007ffc290fa000 	/System/Library/PrivateFrameworks/Settings.framework/Versions/A/Settings
0x00007ff826c49000 	/System/Library/Frameworks/CoreSpotlight.framework/Versions/A/CoreSpotlight
0x00007ffc1c655000 	/System/Library/PrivateFrameworks/LinkServices.framework/Versions/A/LinkServices
0x00007ffb2dc97000 	/System/Library/PrivateFrameworks/DoNotDisturb.framework/Versions/A/DoNotDisturb
0x00007ff925cf6000 	/System/Library/PrivateFrameworks/IntentsCore.framework/Versions/A/IntentsCore
0x00007ffb26a24000 	/System/Library/PrivateFrameworks/AvailabilityKit.framework/Versions/A/AvailabilityKit
0x00007ffb24308000 	/System/Library/PrivateFrameworks/AppIntentSchemas.framework/Versions/A/AppIntentSchemas
0x00007ffc2ff7e000 	/System/Library/PrivateFrameworks/StatusKit.framework/Versions/A/StatusKit
0x00007ffc276cc000 	/System/Library/PrivateFrameworks/RecapPerformanceTesting.framework/Versions/A/RecapPerformanceTesting
0x00007ff9215c2000 	/System/Library/PrivateFrameworks/SignpostCollection.framework/Versions/A/SignpostCollection
0x00007ffd20307000 	/usr/lib/libSpatial.dylib
0x00007ff8356f2000 	/System/Library/Frameworks/WebKit.framework/Versions/A/Frameworks/WebKitLegacy.framework/Versions/A/WebKitLegacy
0x00007ff8334ce000 	/System/Library/PrivateFrameworks/CorePrediction.framework/Versions/A/CorePrediction
0x00007ff822da9000 	/System/Library/Frameworks/WebKit.framework/Versions/A/Frameworks/WebCore.framework/Versions/A/Frameworks/libwebrtc.dylib
0x00007ff91e2ef000 	/System/Library/PrivateFrameworks/SafariSafeBrowsing.framework/Versions/A/SafariSafeBrowsing
0x00007ff82b205000 	/System/Library/Frameworks/SecurityInterface.framework/Versions/A/SecurityInterface
0x00007ff9215cf000 	/System/Library/PrivateFrameworks/WebInspectorUI.framework/Versions/A/WebInspectorUI
0x00007ff916610000 	/System/Library/Frameworks/JavaScriptCore.framework/Versions/A/JavaScriptCore
0x00007ff91a889000 	/System/Library/Frameworks/WebKit.framework/Versions/A/Frameworks/WebCore.framework/Versions/A/WebCore
0x00007ffb1b10c000 	/System/Library/Frameworks/BrowserEngineCore.framework/Versions/A/BrowserEngineCore
0x00007ffb216d2000 	/System/Library/Frameworks/WebKit.framework/Versions/A/Frameworks/WebCore.framework/Versions/A/Frameworks/libANGLE-shared.dylib
0x00007ffd1848f000 	/System/Library/PrivateFrameworks/WebGPU.framework/Versions/A/WebGPU
0x00007ff923420000 	/System/Library/Frameworks/SceneKit.framework/Versions/A/SceneKit
0x00007ff933bfd000 	/System/Library/Frameworks/ModelIO.framework/Versions/A/ModelIO
0x00007ff82cb87000 	/System/Library/Frameworks/MetalKit.framework/Versions/A/MetalKit
0x00007ff82ecda000 	/System/Library/Frameworks/GLKit.framework/Versions/A/GLKit
0x00007ffd21982000 	/usr/lib/usd/libusd_ms.dylib
0x00007ffc34f83000 	/System/Library/PrivateFrameworks/USDLib_FormatLoaderProxy.framework/Versions/A/USDLib_FormatLoaderProxy
0x00007ff920734000 	/System/Library/PrivateFrameworks/CoreOptimization.framework/Versions/A/CoreOptimization
0x00007ffb2690a000 	/System/Library/PrivateFrameworks/AuthenticationServicesCore.framework/Versions/A/AuthenticationServicesCore
0x00007ff92a3cb000 	/System/Library/Frameworks/AuthenticationServices.framework/Versions/A/AuthenticationServices
0x00007ff828acc000 	/System/Library/PrivateFrameworks/SharedWebCredentials.framework/Versions/A/SharedWebCredentials
0x00007ff92249c000 	/System/Library/PrivateFrameworks/SafariCore.framework/Versions/A/SafariCore
0x00007ff929ee7000 	/System/Library/PrivateFrameworks/SafariFoundation.framework/Versions/A/SafariFoundation
0x00007ffb27a9f000 	/System/Library/PrivateFrameworks/CBORLibrary.framework/Versions/A/CBORLibrary
0x00007ffb286ba000 	/System/Library/PrivateFrameworks/Chirp.framework/Versions/A/Chirp
0x00007ffa3450e000 	/System/Library/PrivateFrameworks/RemoteManagement.framework/Versions/A/RemoteManagement
0x00007ffc279b1000 	/System/Library/PrivateFrameworks/RemoteManagementModel.framework/Versions/A/RemoteManagementModel
0x00007ffc27a3d000 	/System/Library/PrivateFrameworks/RemoteManagementStore.framework/Versions/A/RemoteManagementStore
0x00007ff82cba4000 	/usr/lib/libxcselect.dylib
0x00007ff929e55000 	/System/Library/PrivateFrameworks/DifferentialPrivacy.framework/Versions/A/DifferentialPrivacy
0x00007ff82f976000 	/System/Library/Frameworks/Contacts.framework/Versions/A/Contacts
0x00007ffc3575f000 	/System/Library/PrivateFrameworks/VDAF.framework/Versions/A/VDAF
0x00007ff82f7a7000 	/System/Library/PrivateFrameworks/ContactsPersistence.framework/Versions/A/ContactsPersistence
0x00007ff82e9cf000 	/System/Library/PrivateFrameworks/AppleLDAP.framework/Versions/A/AppleLDAP
0x00007ff83323c000 	/System/Library/Frameworks/ClassKit.framework/Versions/A/ClassKit
0x00007ff835416000 	/System/Library/PrivateFrameworks/CoreSuggestions.framework/Versions/A/CoreSuggestions
0x00007ff82f6e9000 	/System/Library/PrivateFrameworks/ContactsFoundation.framework/Versions/A/ContactsFoundation
0x00007ff830f5c000 	/System/Library/PrivateFrameworks/vCard.framework/Versions/A/vCard
0x00007ffb2991b000 	/System/Library/PrivateFrameworks/ContactsMetrics.framework/Versions/A/ContactsMetrics
0x00007ff828ee4000 	/System/Library/PrivateFrameworks/login.framework/Versions/A/login
0x00007ffc1e645000 	/System/Library/PrivateFrameworks/ManagedOrganizationContacts.framework/Versions/A/ManagedOrganizationContacts
0x00007ff8226f0000 	/System/Library/PrivateFrameworks/CloudDocs.framework/Versions/A/CloudDocs
0x00007ff83495a000 	/System/Library/PrivateFrameworks/ConfigurationProfiles.framework/Versions/A/ConfigurationProfiles
0x00007ffb2d362000 	/System/Library/PrivateFrameworks/DMCUtilities.framework/Versions/A/DMCUtilities
0x00007ffc1c9dd000 	/System/Library/PrivateFrameworks/MDMClientLibrary.framework/Versions/A/MDMClientLibrary
0x00007ffc27a32000 	/System/Library/PrivateFrameworks/RemoteManagementProtocol.framework/Versions/A/RemoteManagementProtocol
0x00007ffd20192000 	/usr/lib/libEndpointSecuritySystem.dylib
0x00007ff82f103000 	/System/Library/PrivateFrameworks/SystemAdministration.framework/Versions/A/SystemAdministration
0x00007ff9183bb000 	/System/Library/PrivateFrameworks/PowerlogControl.framework/Versions/A/PowerlogControl
0x00007ff82614f000 	/System/Library/Frameworks/ServiceManagement.framework/Versions/A/ServiceManagement
0x00007ff9183bd000 	/usr/lib/libUniversalAccess.dylib
0x00007ff8366b9000 	/System/Library/PrivateFrameworks/FamilyControls.framework/Versions/A/FamilyControls
0x00007ff82e985000 	/System/Library/Frameworks/DirectoryService.framework/Versions/A/DirectoryService
0x00007ff832f41000 	/System/Library/PrivateFrameworks/LoginUIKit.framework/Versions/A/Frameworks/LoginUICore.framework/Versions/A/LoginUICore
0x00007ff8290c8000 	/usr/lib/libodfde.dylib
0x00007ff8366b4000 	/System/Library/PrivateFrameworks/UniversalAccess.framework/Versions/A/Libraries/libUAPreferences.dylib
0x00007ff8366dc000 	/System/Library/PrivateFrameworks/CommerceKit.framework/Versions/A/Frameworks/CommerceCore.framework/Versions/A/CommerceCore
0x00007ffb2d316000 	/System/Library/PrivateFrameworks/DEPClientLibrary.framework/Versions/A/DEPClientLibrary
0x00007ffb2d333000 	/System/Library/PrivateFrameworks/DMCEnrollmentLibrary.framework/Versions/A/DMCEnrollmentLibrary
0x00007ff918499000 	/System/Library/PrivateFrameworks/SetupAssistantFramework.framework/Versions/A/SetupAssistantFramework
0x00007ff833526000 	/System/Library/PrivateFrameworks/AuthKitUI.framework/Versions/A/AuthKitUI
0x00007ff832f86000 	/System/Library/PrivateFrameworks/AppSSO.framework/Versions/A/AppSSO
0x00007ff927144000 	/System/Library/PrivateFrameworks/LocalAuthenticationUI.framework/Versions/A/LocalAuthenticationUI
0x00007ffc25f0d000 	/System/Library/PrivateFrameworks/PlatformSSO.framework/Versions/A/PlatformSSO
0x00007ff927b2c000 	/System/Library/PrivateFrameworks/AOSUI.framework/Versions/A/AOSUI
0x00007ff919f89000 	/System/Library/Frameworks/ContactsUI.framework/Versions/A/ContactsUI
0x00007ff82fb98000 	/System/Library/PrivateFrameworks/FamilyCircle.framework/Versions/A/FamilyCircle
0x00007ff9352df000 	/System/Library/Frameworks/LinkPresentation.framework/Versions/A/LinkPresentation
0x00007ffc25fea000 	/System/Library/PrivateFrameworks/PlatformSSOCore.framework/Versions/A/PlatformSSOCore
0x00007ff919cad000 	/System/Library/PrivateFrameworks/IASUtilities.framework/Versions/A/IASUtilities
0x00007ffc184ed000 	/System/Library/PrivateFrameworks/IASUtilitiesCore.framework/Versions/A/IASUtilitiesCore
0x00007ffc1c8e7000 	/System/Library/PrivateFrameworks/LocalAuthenticationCoreUI.framework/Versions/A/LocalAuthenticationCoreUI
0x00007ff9209b6000 	/System/Library/Frameworks/LocalAuthentication.framework/Support/DaemonUtils.framework/Versions/A/DaemonUtils
0x00007ff923db5000 	/System/Library/PrivateFrameworks/BridgeXPC.framework/Versions/A/BridgeXPC
0x00007ff828f04000 	/System/Library/PrivateFrameworks/CoreBrightness.framework/Versions/A/CoreBrightness
0x00007ff92169c000 	/System/Library/PrivateFrameworks/CoreKDL.framework/Versions/A/CoreKDL
0x00007ff91fe48000 	/System/Library/PrivateFrameworks/EmbeddedOSSupportHost.framework/Versions/A/EmbeddedOSSupportHost
0x00007ffc30bc5000 	/System/Library/PrivateFrameworks/SystemStatus.framework/Versions/A/SystemStatus
0x00007ff92f210000 	/System/Library/PrivateFrameworks/StorageKit.framework/Versions/A/StorageKit
0x00007ffa35c73000 	/System/Library/Frameworks/DeviceCheck.framework/Versions/A/DeviceCheck
0x00007ffb1bc39000 	/System/Library/Frameworks/FSKit.framework/Versions/A/FSKit
0x00007ffb2da15000 	/System/Library/PrivateFrameworks/DiskImages2.framework/Versions/A/DiskImages2
0x00007ffc1c797000 	/System/Library/PrivateFrameworks/LiveFS.framework/Versions/A/LiveFS
0x00007ffd1da14000 	/System/Library/PrivateFrameworks/icloudMCCKit.framework/Versions/A/icloudMCCKit
0x00007ffb24f91000 	/System/Library/PrivateFrameworks/AppleAccountUI.framework/Versions/A/AppleAccountUI
0x00007ffb29028000 	/System/Library/PrivateFrameworks/CloudSubscriptionFeatures.framework/Versions/A/CloudSubscriptionFeatures
0x00007ffa20bba000 	/System/Library/PrivateFrameworks/PreferencePanesSupport.framework/Versions/A/PreferencePanesSupport
0x00007ff927ccf000 	/System/Library/PrivateFrameworks/FindMyDeviceUI.framework/Versions/A/FindMyDeviceUI
0x00007ffd1b684000 	/System/Library/PrivateFrameworks/iCloudQuotaUI.framework/Versions/A/iCloudQuotaUI
0x00007ffa20d78000 	/System/Library/PrivateFrameworks/CoreCDPUI.framework/Versions/A/CoreCDPUI
0x00007ff92221d000 	/System/Library/PrivateFrameworks/CoreFollowUpUI.framework/Versions/A/CoreFollowUpUI
0x00007ff82b23b000 	/System/Library/PrivateFrameworks/CoreFollowUp.framework/Versions/A/CoreFollowUp
0x00007ff92e034000 	/System/Library/PrivateFrameworks/IMCore.framework/Versions/A/IMCore
0x00007ff918420000 	/System/Library/PrivateFrameworks/CoreCDP.framework/Versions/A/CoreCDP
0x00007ff835d18000 	/System/Library/PrivateFrameworks/AskPermission.framework/Versions/A/AskPermission
0x00007ff925c74000 	/System/Library/Frameworks/Quartz.framework/Versions/A/Quartz
0x00007ff931cf0000 	/System/Library/PrivateFrameworks/CloudPhotoServicesConfiguration.framework/Versions/A/CloudPhotoServicesConfiguration
0x00007ff9244f7000 	/System/Library/PrivateFrameworks/CommerceKit.framework/Versions/A/CommerceKit
0x00007ff933515000 	/System/Library/PrivateFrameworks/FindMyMac.framework/Versions/A/FindMyMac
0x00007ff9333fc000 	/System/Library/Frameworks/PreferencePanes.framework/Versions/A/PreferencePanes
0x00007ff92723b000 	/System/Library/Frameworks/AddressBook.framework/Versions/A/AddressBook
0x00007ff834c29000 	/System/Library/PrivateFrameworks/AOSAccounts.framework/Versions/A/AOSAccounts
0x00007ff82f0fe000 	/System/Library/PrivateFrameworks/AppleSRP.framework/Versions/A/AppleSRP
0x00007ff9208e2000 	/System/Library/Frameworks/SafariServices.framework/Versions/A/SafariServices
0x00007ff83365f000 	/System/Library/PrivateFrameworks/NetFSServer.framework/Versions/A/NetFSServer
0x00007ff9232ea000 	/System/Library/Frameworks/PDFKit.framework/Versions/A/PDFKit
0x00007ff9344b2000 	/System/Library/PrivateFrameworks/EmailFoundation.framework/Versions/A/EmailFoundation
0x00007ff933456000 	/System/Library/PrivateFrameworks/EmailCore.framework/Versions/A/EmailCore
0x00007ffa1723c000 	/System/Library/PrivateFrameworks/EmailAddressing.framework/Versions/A/EmailAddressing
0x00007ffa17248000 	/System/Library/PrivateFrameworks/Email.framework/Versions/A/Email
0x00007ffb26b6b000 	/System/Library/PrivateFrameworks/BackgroundSystemTasks.framework/Versions/A/BackgroundSystemTasks
0x00007ffc1c962000 	/System/Library/PrivateFrameworks/LockdownMode.framework/Versions/A/LockdownMode
0x00007ff82fb92000 	/System/Library/PrivateFrameworks/CommunicationsFilter.framework/Versions/A/CommunicationsFilter
0x00007ffb26a27000 	/System/Library/PrivateFrameworks/AvatarKit.framework/Versions/A/AvatarKit
0x00007ffb26ae8000 	/System/Library/PrivateFrameworks/AvatarPersistence.framework/Versions/A/AvatarPersistence
0x00007ffc27aa3000 	/System/Library/PrivateFrameworks/RemoteUI.framework/Versions/A/RemoteUI
0x00007ff82eda8000 	/usr/lib/libCTGreenTeaLogger.dylib
0x00007ffb21165000 	/System/Library/Frameworks/TipKit.framework/Versions/A/TipKit
0x00007ffa22c94000 	/System/Library/PrivateFrameworks/AppleCVA.framework/Versions/A/AppleCVA
0x00007ffb26ae7000 	/System/Library/PrivateFrameworks/AvatarKitContent.framework/Versions/A/AvatarKitContent
0x00007ff82edd4000 	/System/Library/PrivateFrameworks/CoreAppleCVA.framework/Versions/A/CoreAppleCVA
0x00007ffc1baff000 	/System/Library/PrivateFrameworks/LiftUI.framework/Versions/A/LiftUI
0x00007ffb1bc02000 	/System/Library/Frameworks/ExtensionKit.framework/Versions/A/ExtensionKit
0x00007ffb28fa2000 	/System/Library/PrivateFrameworks/CloudSettings.framework/Versions/A/CloudSettings
0x00007ff8354dc000 	/System/Library/Frameworks/EventKit.framework/Versions/A/EventKit
0x00007ff9217f1000 	/System/Library/PrivateFrameworks/SearchFoundation.framework/Versions/A/SearchFoundation
0x00007ff920383000 	/System/Library/PrivateFrameworks/CoreRoutine.framework/Versions/A/CoreRoutine
0x00007ff92edcf000 	/System/Library/PrivateFrameworks/Categories.framework/Versions/A/Categories
0x00007ffb28293000 	/System/Library/PrivateFrameworks/CalendarDatabase.framework/Versions/A/CalendarDatabase
0x00007ffb281e7000 	/System/Library/PrivateFrameworks/CalendarDaemon.framework/Versions/A/CalendarDaemon
0x00007ff8348c7000 	/System/Library/PrivateFrameworks/CalendarFoundation.framework/Versions/A/CalendarFoundation
0x00007ff834882000 	/System/Library/PrivateFrameworks/iCalendar.framework/Versions/A/iCalendar
0x00007ffb2d580000 	/System/Library/PrivateFrameworks/DataAccessExpress.framework/Versions/A/DataAccessExpress
0x00007ff927964000 	/System/Library/PrivateFrameworks/FTClientServices.framework/Versions/A/FTClientServices
0x00007ff919b37000 	/System/Library/PrivateFrameworks/CoreDAV.framework/Versions/A/CoreDAV
0x00007ff8353b5000 	/System/Library/PrivateFrameworks/CalDAV.framework/Versions/A/CalDAV
0x00007ff91e057000 	/System/Library/PrivateFrameworks/TelephonyUtilities.framework/Versions/A/TelephonyUtilities
0x00007ff9222d9000 	/System/Library/Frameworks/CallKit.framework/Versions/A/CallKit
0x00007ffa29e48000 	/System/Library/PrivateFrameworks/IMTransferServices.framework/Versions/A/IMTransferServices
0x00007ff92074e000 	/System/Library/PrivateFrameworks/IncomingCallFilter.framework/Versions/A/IncomingCallFilter
0x00007ffc2151d000 	/System/Library/PrivateFrameworks/NeighborhoodActivityConduit.framework/Versions/A/NeighborhoodActivityConduit
0x00007ffd20168000 	/usr/lib/libBASupport.dylib
0x00007ff92ddd0000 	/System/Library/PrivateFrameworks/SpotlightReceiver.framework/Versions/A/SpotlightReceiver
0x00007ffb291d8000 	/System/Library/PrivateFrameworks/Coherence.framework/Versions/A/Coherence
0x00007ff91df5a000 	/System/Library/PrivateFrameworks/CoreParsec.framework/Versions/A/CoreParsec
0x00007ffc23e90000 	/System/Library/PrivateFrameworks/PegasusAPI.framework/Versions/A/PegasusAPI
0x00007ffc24941000 	/System/Library/PrivateFrameworks/PegasusConfiguration.framework/Versions/A/PegasusConfiguration
0x00007ffc1c940000 	/System/Library/PrivateFrameworks/LocalStatusKit.framework/Versions/A/LocalStatusKit
0x00007ff922483000 	/System/Library/PrivateFrameworks/ContextKit.framework/Versions/A/ContextKit
0x00007ffb29a4a000 	/System/Library/PrivateFrameworks/ContextKitCore.framework/Versions/A/ContextKitCore
0x00007ff927968000 	/System/Library/PrivateFrameworks/CharacterPicker.framework/Versions/A/CharacterPicker
0x00007ff920851000 	/System/Library/PrivateFrameworks/ContactsDonation.framework/Versions/A/ContactsDonation
0x00007ff919e9e000 	/System/Library/PrivateFrameworks/ContactsUICore.framework/Versions/A/ContactsUICore
0x00007ff92015f000 	/System/Library/PrivateFrameworks/DataDetectors.framework/Versions/A/DataDetectors
0x00007ff8353a3000 	/System/Library/Frameworks/MediaLibrary.framework/Versions/A/MediaLibrary
0x00007ff82fb82000 	/System/Library/PrivateFrameworks/PersonaKit.framework/Versions/A/PersonaKit
0x00007ff919e8d000 	/System/Library/PrivateFrameworks/PersonaUI.framework/Versions/A/PersonaUI
0x00007ffc18c6a000 	/System/Library/PrivateFrameworks/InputToolKitUI.framework/Versions/A/InputToolKitUI
0x00007ffc18c55000 	/System/Library/PrivateFrameworks/InputToolKit.framework/Versions/A/InputToolKit
0x00007ffc300b5000 	/System/Library/PrivateFrameworks/Stickers.framework/Versions/A/Stickers
0x00007ffc18bc5000 	/System/Library/PrivateFrameworks/InputAnalytics.framework/Versions/A/InputAnalytics
0x00007ff928fde000 	/System/Library/PrivateFrameworks/EmojiFoundation.framework/Versions/A/EmojiFoundation
0x00007ffb2ee4f000 	/System/Library/PrivateFrameworks/FeedbackService.framework/Versions/A/FeedbackService
0x00007ff82f81e000 	/System/Library/PrivateFrameworks/AddressBookCore.framework/Versions/A/AddressBookCore
0x00007ff92219f000 	/System/Library/PrivateFrameworks/IntlPreferences.framework/Versions/A/IntlPreferences
0x00007ff9273ad000 	/System/Library/PrivateFrameworks/ToneKit.framework/Versions/A/ToneKit
0x00007ff9221e4000 	/System/Library/PrivateFrameworks/ToneLibrary.framework/Versions/A/ToneLibrary
0x00007ffb298ec000 	/System/Library/PrivateFrameworks/ContactsAccounts.framework/Versions/A/ContactsAccounts
0x00007ff932e1b000 	/System/Library/PrivateFrameworks/Transparency.framework/Versions/A/Transparency
0x00007ff834873000 	/System/Library/PrivateFrameworks/CoreRecents.framework/Versions/A/CoreRecents
0x00007ffb2433c000 	/System/Library/PrivateFrameworks/AppIntentsServices.framework/Versions/A/AppIntentsServices
0x00007ffa20687000 	/System/Library/PrivateFrameworks/DiagnosticRequest.framework/Versions/A/DiagnosticRequest
0x00007ff925b98000 	/System/Library/PrivateFrameworks/Lookup.framework/Versions/A/Lookup
0x00007ffb1f480000 	/System/Library/Frameworks/QuickLookUI.framework/Versions/A/QuickLookUI
0x00007ffb1fdfe000 	/System/Library/Frameworks/ScreenCaptureKit.framework/Versions/A/ScreenCaptureKit
0x00007ff922e1c000 	/System/Library/Frameworks/Quartz.framework/Versions/A/Frameworks/QuartzComposer.framework/Versions/A/QuartzComposer
0x00007ff922176000 	/System/Library/Frameworks/Quartz.framework/Versions/A/Frameworks/QuartzFilters.framework/Versions/A/QuartzFilters
0x00007ff921182000 	/System/Library/Frameworks/Quartz.framework/Versions/A/Frameworks/ImageKit.framework/Versions/A/ImageKit
0x00007ff91f899000 	/System/Library/PrivateFrameworks/CorePDF.framework/Versions/A/CorePDF
0x00007ff82cb24000 	/System/Library/Frameworks/QuickLook.framework/Versions/A/QuickLook
0x00007ff837094000 	/System/Library/PrivateFrameworks/DisplayServices.framework/Versions/A/DisplayServices
0x00007ff9220de000 	/System/Library/Frameworks/ImageCaptureCore.framework/Versions/A/ImageCaptureCore
0x00007ffd1705b000 	/System/Library/PrivateFrameworks/VisionKitCore.framework/Versions/A/VisionKitCore
0x00007ff91df2b000 	/System/Library/PrivateFrameworks/QuickLookSupport.framework/Versions/A/QuickLookSupport
0x00007ffc1eeea000 	/System/Library/PrivateFrameworks/MediaAnalysisServices.framework/Versions/A/MediaAnalysisServices
0x00007ff924adb000 	/System/Library/PrivateFrameworks/PhotoLibraryServices.framework/Versions/A/PhotoLibraryServices
0x00007ff921d02000 	/System/Library/Frameworks/Photos.framework/Versions/A/Photos
0x00007ff9356c2000 	/System/Library/PrivateFrameworks/PhotosFormats.framework/Versions/A/PhotosFormats
0x00007ff931d20000 	/System/Library/PrivateFrameworks/CloudPhotoLibrary.framework/Versions/A/CloudPhotoLibrary
0x00007ffa1aba2000 	/System/Library/PrivateFrameworks/CloudPhotoServices.framework/Versions/A/CloudPhotoServices
0x00007ffa173aa000 	/System/Library/PrivateFrameworks/CoreMediaStream.framework/Versions/A/CoreMediaStream
0x00007ff830544000 	/System/Library/PrivateFrameworks/CPAnalytics.framework/Versions/A/CPAnalytics
0x00007ff933b00000 	/System/Library/PrivateFrameworks/MediaConversionService.framework/Versions/A/MediaConversionService
0x00007ff836d33000 	/System/Library/PrivateFrameworks/PhotoFoundation.framework/Versions/A/PhotoFoundation
0x00007ffc24e62000 	/System/Library/PrivateFrameworks/PhotoLibraryServicesCore.framework/Versions/A/PhotoLibraryServicesCore
0x00007ff92d7ee000 	/System/Library/PrivateFrameworks/MMCS.framework/Versions/A/MMCS
0x00007ff8351f2000 	/System/Library/PrivateFrameworks/ChunkingLibrary.framework/Versions/A/ChunkingLibrary
0x00007ff82f0ab000 	/System/Library/PrivateFrameworks/AssetCacheServices.framework/Versions/A/AssetCacheServices
0x00007ff831082000 	/System/Library/PrivateFrameworks/AVFoundationCF.framework/Versions/A/AVFoundationCF
0x00007ffa29d46000 	/usr/lib/swift/libswiftDemangle.dylib
0x00007ff9203e3000 	/System/Library/PrivateFrameworks/MediaStream.framework/Versions/A/MediaStream
0x00007ff93407c000 	/System/Library/PrivateFrameworks/NeutrinoCore.framework/Versions/A/NeutrinoCore
0x00007ff81f27c000 	/System/Library/PrivateFrameworks/NLP.framework/Versions/A/NLP
0x00007ffa1990f000 	/System/Library/PrivateFrameworks/PhotoImaging.framework/Versions/A/PhotoImaging
0x00007ffa1ab62000 	/System/Library/PrivateFrameworks/PhotosImagingFoundation.framework/Versions/A/PhotosImagingFoundation
0x00007ffc2595c000 	/System/Library/PrivateFrameworks/PhotosIntelligenceCore.framework/Versions/A/PhotosIntelligenceCore
0x00007ff83153c000 	/System/Library/PrivateFrameworks/EmbeddedAcousticRecognition.framework/Versions/A/EmbeddedAcousticRecognition
0x00007ff931f90000 	/System/Library/PrivateFrameworks/SDAPI.framework/Versions/A/SDAPI
0x00007ffa1abaf000 	/System/Library/PrivateFrameworks/AutoLoop.framework/Versions/A/AutoLoop
0x00007ffc262dd000 	/System/Library/PrivateFrameworks/Portrait.framework/Versions/A/Portrait
0x00007ffb2502c000 	/System/Library/PrivateFrameworks/AppleDepth.framework/Versions/A/AppleDepth
0x00007ffb2f874000 	/System/Library/PrivateFrameworks/FusionTracker.framework/Versions/A/FusionTracker
0x00007ffb2515a000 	/System/Library/PrivateFrameworks/AppleDepthCore.framework/Versions/A/AppleDepthCore
0x00007ff9228d7000 	/System/Library/PrivateFrameworks/iTunesCloud.framework/Versions/A/iTunesCloud
0x00007ffc30994000 	/System/Library/PrivateFrameworks/Symptoms.framework/Versions/A/Frameworks/SymptomPresentationFeed.framework/Versions/A/SymptomPresentationFeed
0x00007ff92af74000 	/System/Library/PrivateFrameworks/DAAPKit.framework/Versions/A/DAAPKit
0x00007ffc3070e000 	/System/Library/PrivateFrameworks/SymptomShared.framework/Versions/A/SymptomShared
0x00007ffb25942000 	/System/Library/PrivateFrameworks/AppleMediaServicesKitInternal.framework/Versions/A/AppleMediaServicesKitInternal
0x00007ffd214c7000 	/usr/lib/swift/libswiftVideoToolbox.dylib
0x00007ff91e22e000 	/System/Library/PrivateFrameworks/DeviceManagement.framework/Versions/A/DeviceManagement
0x00007ffa205e7000 	/System/Library/PrivateFrameworks/ScreenTimeUI.framework/Versions/A/ScreenTimeUI
0x00007ff920159000 	/System/Library/PrivateFrameworks/QuickLookNonBaseSystem.framework/Versions/A/QuickLookNonBaseSystem
0x00007ff92091f000 	/System/Library/PrivateFrameworks/Catalyst.framework/Versions/A/Catalyst
0x00007ffc1e64a000 	/System/Library/PrivateFrameworks/ManagedSettingsObjC.framework/Versions/A/ManagedSettingsObjC
0x00007ff922376000 	/System/Library/PrivateFrameworks/ScreenTimeCore.framework/Versions/A/ScreenTimeCore
0x00007ff934c0e000 	/System/Library/PrivateFrameworks/ScreenTimeServiceUI.framework/Versions/A/ScreenTimeServiceUI
0x00007ff92d986000 	/System/Library/PrivateFrameworks/ConfigurationEngineModel.framework/Versions/A/ConfigurationEngineModel
0x00007ff930544000 	/System/Library/PrivateFrameworks/UsageTracking.framework/Versions/A/UsageTracking
0x00007ffb1ba39000 	/System/Library/Frameworks/DeviceActivity.framework/Versions/A/DeviceActivity
0x00007ff930517000 	/System/Library/PrivateFrameworks/KnowledgeMonitor.framework/Versions/A/KnowledgeMonitor
0x00007ffa2746f000 	/System/Library/PrivateFrameworks/BluetoothManager.framework/Versions/A/BluetoothManager
0x00007ffb1c940000 	/System/Library/Frameworks/ManagedSettings.framework/Versions/A/ManagedSettings
0x00007ffc1e682000 	/System/Library/PrivateFrameworks/ManagedSettingsSupport.framework/Versions/A/ManagedSettingsSupport
0x00007ffa24cca000 	/System/Library/Frameworks/ReplayKit.framework/Versions/A/ReplayKit
0x00007ff837fe8000 	/System/Library/PrivateFrameworks/MarkupUI.framework/Versions/A/MarkupUI
0x00007ff920133000 	/System/Library/PrivateFrameworks/SidecarCore.framework/Versions/A/SidecarCore
0x00007ff922ccb000 	/System/Library/PrivateFrameworks/AnnotationKit.framework/Versions/A/AnnotationKit
0x00007ffb212a8000 	/System/Library/Frameworks/Translation.framework/Versions/A/Translation
0x00007ffa1c465000 	/System/Library/PrivateFrameworks/RevealCore.framework/Versions/A/RevealCore
0x00007ffa1c45a000 	/System/Library/PrivateFrameworks/Reveal.framework/Versions/A/Reveal
0x00007ffc34061000 	/System/Library/PrivateFrameworks/TranslationUIServices.framework/Versions/A/TranslationUIServices
0x00007ff9213e4000 	/System/Library/Frameworks/PencilKit.framework/Versions/A/PencilKit
0x00007ff9215af000 	/System/Library/PrivateFrameworks/SidecarUI.framework/Versions/A/SidecarUI
0x00007ff920caf000 	/System/Library/PrivateFrameworks/CoreHandwriting.framework/Versions/A/CoreHandwriting
0x00007ff8191da000 	/usr/lib/libmecabra.dylib
0x00007ff91a2dd000 	/System/Library/PrivateFrameworks/Calculate.framework/Versions/A/Calculate
0x00007ff8286c1000 	/usr/lib/libChineseTokenizer.dylib
0x00007ffa3443a000 	/System/Library/PrivateFrameworks/ScreenReaderCore.framework/Versions/A/ScreenReaderCore
0x00007ffc3042c000 	/System/Library/PrivateFrameworks/StocksKit.framework/Versions/A/StocksKit
0x00007ff9194bc000 	/System/Library/PrivateFrameworks/OAuth.framework/Versions/A/OAuth
0x00007ffc3012a000 	/System/Library/PrivateFrameworks/StocksCore.framework/Versions/A/StocksCore
0x00007ffc3104d000 	/System/Library/PrivateFrameworks/TeaFoundation.framework/Versions/A/TeaFoundation
0x00007ffc311d5000 	/System/Library/PrivateFrameworks/TeaSettings.framework/Versions/A/TeaSettings
0x00007ffa2afa5000 	/System/Library/PrivateFrameworks/NewsCore.framework/Versions/A/NewsCore
0x00007ffc30ffa000 	/System/Library/PrivateFrameworks/TeaDB.framework/Versions/A/TeaDB
0x00007ffa2830c000 	/System/Library/PrivateFrameworks/RemoteConfiguration.framework/Versions/A/RemoteConfiguration
0x00007ffa2abbc000 	/System/Library/PrivateFrameworks/NewsTransport.framework/Versions/A/NewsTransport
0x00007ffa2af97000 	/System/Library/PrivateFrameworks/NewsFoundation.framework/Versions/A/NewsFoundation
0x00007ffc219e1000 	/System/Library/PrivateFrameworks/NewsURLBucket.framework/Versions/A/NewsURLBucket
0x00007ff92471b000 	/System/Library/PrivateFrameworks/MobileInstallation.framework/Versions/A/MobileInstallation
0x00007ffc3325c000 	/System/Library/PrivateFrameworks/TipKitCore.framework/Versions/A/TipKitCore
0x00007ff92905c000 	/System/Library/PrivateFrameworks/CoreCDPInternal.framework/Versions/A/CoreCDPInternal
0x00007ff919408000 	/System/Library/PrivateFrameworks/AccountsDaemon.framework/Versions/A/AccountsDaemon
0x00007ffc27754000 	/System/Library/PrivateFrameworks/RegulatoryDomain.framework/Versions/A/RegulatoryDomain
0x00007ffa20d75000 	/System/Library/PrivateFrameworks/MachineSettings.framework/Versions/A/MachineSettings
0x00007ff933381000 	/System/Library/PrivateFrameworks/BezelServices.framework/Versions/A/BezelServices
0x00007ff92b000000 	/System/Library/PrivateFrameworks/SPOwner.framework/Versions/A/SPOwner
0x00007ff92455b000 	/System/Library/PrivateFrameworks/FMCore.framework/Versions/A/FMCore
0x00007ffd1b5ea000 	/System/Library/PrivateFrameworks/iCloudQuota.framework/Versions/A/iCloudQuota
0x00007ff919e02000 	/System/Library/PrivateFrameworks/CoreRecognition.framework/Versions/A/CoreRecognition
0x00007ffc23901000 	/System/Library/PrivateFrameworks/PassKitMacHelperTemp.framework/Versions/A/PassKitMacHelperTemp
0x00007ff933432000 	/System/Library/PrivateFrameworks/InAppMessages.framework/Versions/A/InAppMessages
0x00007ffa33261000 	/System/Library/PrivateFrameworks/JetUI.framework/Versions/A/JetUI
0x00007ffc1b867000 	/System/Library/PrivateFrameworks/JetPack.framework/Versions/A/JetPack
0x00007ffa274c8000 	/System/Library/PrivateFrameworks/PassKitUIFoundation.framework/Versions/A/PassKitUIFoundation
0x00007ff837189000 	/System/Library/PrivateFrameworks/PassKitCore.framework/Versions/A/PassKitCore
0x00007ff82e9e0000 	/System/Library/Frameworks/MapKit.framework/Versions/A/MapKit
0x00007ff9209ea000 	/System/Library/PrivateFrameworks/BiometricKit.framework/Versions/A/BiometricKit
0x00007ffc2830a000 	/System/Library/PrivateFrameworks/SEService.framework/Versions/A/SEService
0x00007ff925d13000 	/System/Library/PrivateFrameworks/NearField.framework/Versions/A/NearField
0x00007ffd202c9000 	/usr/lib/libSESShared.dylib
0x00007ffc2849b000 	/System/Library/PrivateFrameworks/STSXPCHelperClient.framework/Versions/A/STSXPCHelperClient
0x00007ff9275de000 	/usr/lib/libnfshared.dylib
0x00007ffb35b70000 	/System/Library/PrivateFrameworks/GeoAnalytics.framework/Versions/A/GeoAnalytics
0x00007ff927614000 	/System/Library/PrivateFrameworks/Navigation.framework/Versions/A/Navigation
0x00007ff93058e000 	/System/Library/PrivateFrameworks/VectorKit.framework/Versions/A/VectorKit
0x00007ff919d6a000 	/System/Library/PrivateFrameworks/VirtualGarage.framework/Versions/A/VirtualGarage
0x00007ff9277a8000 	/System/Library/Frameworks/ExternalAccessory.framework/ExternalAccessory
0x00007ff9277c1000 	/System/Library/PrivateFrameworks/IAP.framework/Versions/A/IAP
0x00007ff82eca4000 	/System/Library/PrivateFrameworks/IOPlatformPluginFamily.framework/Versions/A/IOPlatformPluginFamily
0x00007ff93342a000 	/System/Library/PrivateFrameworks/InAppMessagesCore.framework/Versions/A/InAppMessagesCore
0x00007ffd1ad45000 	/System/Library/PrivateFrameworks/_JetEngine_SwiftUI.framework/Versions/A/_JetEngine_SwiftUI
0x00007ffc309bc000 	/System/Library/PrivateFrameworks/Synapse.framework/Versions/A/Synapse
0x00007ffb280b1000 	/System/Library/PrivateFrameworks/CSExattrCrypto.framework/Versions/A/CSExattrCrypto
0x00007ff836d43000 	/System/Library/PrivateFrameworks/IMSharedUtilities.framework/Versions/A/IMSharedUtilities
0x00007ff92e6ff000 	/System/Library/Frameworks/InstantMessage.framework/Versions/A/InstantMessage
0x00007ff92713e000 	/System/Library/PrivateFrameworks/IDSKVStore.framework/Versions/A/IDSKVStore
0x00007ff926f7d000 	/System/Library/PrivateFrameworks/IMDPersistence.framework/Versions/A/IMDPersistence
0x00007ffd213d1000 	/usr/lib/swift/libswiftAppleArchive.dylib
0x00007ffc35753000 	/System/Library/PrivateFrameworks/UserSafety.framework/Versions/A/UserSafety
0x00007ffa2671c000 	/System/Library/PrivateFrameworks/BlastDoor.framework/Versions/A/BlastDoor
0x00007ffb1fe7a000 	/System/Library/Frameworks/SensitiveContentAnalysis.framework/Versions/A/SensitiveContentAnalysis
0x00007ffc1c627000 	/System/Library/PrivateFrameworks/LinkPresentationStyleSheetParsing.framework/Versions/A/LinkPresentationStyleSheetParsing
0x00007ff9207ad000 	/System/Library/PrivateFrameworks/CoreSDB.framework/Versions/A/CoreSDB
0x00007ffb26593000 	/System/Library/PrivateFrameworks/AskToCore.framework/Versions/A/AskToCore
0x00007ff925899000 	/System/Library/PrivateFrameworks/StoreFoundation.framework/Versions/A/StoreFoundation
0x00007ff924555000 	/System/Library/PrivateFrameworks/ServerInformation.framework/Versions/A/ServerInformation
0x00007ff923fc4000 	/System/Library/PrivateFrameworks/Install.framework/Frameworks/DistributionKit.framework/Versions/A/DistributionKit
0x00007ff91dcec000 	/System/Library/PrivateFrameworks/PackageKit.framework/Versions/A/PackageKit
0x00007ff923fe5000 	/System/Library/PrivateFrameworks/OSPersonalization.framework/Versions/A/OSPersonalization
0x00007ff925de1000 	/System/Library/PrivateFrameworks/BridgeOSSoftwareUpdate.framework/Versions/A/BridgeOSSoftwareUpdate
0x00007ff920bf1000 	/System/Library/PrivateFrameworks/StorageManagement.framework/Versions/A/StorageManagement
0x00007ff9347d9000 	/usr/lib/libauthinstall.dylib
0x00007ff925de9000 	/System/Library/PrivateFrameworks/InstallerDiagnostics.framework/Versions/A/InstallerDiagnostics
0x00007ff934dbf000 	/usr/lib/libcrypto.42.dylib
0x00007ff925dd1000 	/System/Library/PrivateFrameworks/GPUInfo.framework/Versions/A/GPUInfo
0x00007ff93351b000 	/System/Library/PrivateFrameworks/MobileActivationMacOS.framework/Versions/A/MobileActivationMacOS
0x00007ff81fa55000 	/System/Library/Frameworks/Accounts.framework/Versions/A/Accounts
0x00007ff925e31000 	/System/Library/PrivateFrameworks/AOSKit.framework/Versions/A/AOSKit
0x00007ff8289b0000 	/System/Library/PrivateFrameworks/AppSSOCore.framework/Versions/A/AppSSOCore
0x00007ff832f47000 	/System/Library/PrivateFrameworks/AppSupport.framework/Versions/A/AppSupport
0x00007ff91fc50000 	/System/Library/Frameworks/AVFoundation.framework/Versions/A/AVFoundation
0x00007ff8336b4000 	/System/Library/PrivateFrameworks/DuetActivityScheduler.framework/Versions/A/DuetActivityScheduler
0x00007ff920754000 	/System/Library/PrivateFrameworks/FTServices.framework/Versions/A/FTServices
0x00007ff931c5a000 	/System/Library/PrivateFrameworks/NetworkServiceProxy.framework/Versions/A/NetworkServiceProxy
0x00007ff831455000 	/System/Library/PrivateFrameworks/Rapport.framework/Versions/A/Rapport
0x00007ffc3071d000 	/System/Library/PrivateFrameworks/Symptoms.framework/Versions/A/Frameworks/SymptomAnalytics.framework/Versions/A/SymptomAnalytics
0x00007ff82ed14000 	/usr/lib/libnetworkextension.dylib
0x00007ffa272a3000 	/System/Library/Frameworks/CryptoKit.framework/Versions/A/CryptoKit
0x00007ff833653000 	/System/Library/PrivateFrameworks/CryptoKitCBridging.framework/Versions/A/CryptoKitCBridging
0x00007ff830fa6000 	/System/Library/Frameworks/CryptoTokenKit.framework/Versions/A/CryptoTokenKit
0x00007ffa1b140000 	/usr/lib/swift/libswiftCryptoTokenKit.dylib
0x00007ff831007000 	/System/Library/Frameworks/LocalAuthentication.framework/Versions/A/LocalAuthentication
0x00007ffc1c7e7000 	/System/Library/PrivateFrameworks/LocalAuthenticationCore.framework/Versions/A/LocalAuthenticationCore
0x00007ff831058000 	/System/Library/Frameworks/LocalAuthentication.framework/Support/SharedUtils.framework/Versions/A/SharedUtils
0x00007ff82fd22000 	/System/Library/PrivateFrameworks/SymptomDiagnosticReporter.framework/Versions/A/SymptomDiagnosticReporter
0x00007ffb2d254000 	/System/Library/PrivateFrameworks/CryptoKitPrivate.framework/Versions/A/CryptoKitPrivate
0x00007ff8304ea000 	/System/Library/PrivateFrameworks/GenerationalStorage.framework/Versions/A/GenerationalStorage
0x00007ff82b62f000 	/System/Library/PrivateFrameworks/CacheDelete.framework/Versions/A/CacheDelete
0x00007ff833789000 	/System/Library/Frameworks/QuickLookThumbnailing.framework/Versions/A/QuickLookThumbnailing
0x00007ff83031a000 	/System/Library/Frameworks/FileProvider.framework/Versions/A/FileProvider
0x00007ff81d530000 	/System/Library/PrivateFrameworks/DesktopServicesPriv.framework/Versions/A/DesktopServicesPriv
0x00007ff836ab1000 	/System/Library/PrivateFrameworks/AssistantServices.framework/Versions/A/AssistantServices
0x00007ff831259000 	/System/Library/PrivateFrameworks/SAObjects.framework/Versions/A/SAObjects
0x00007ff8366e7000 	/System/Library/PrivateFrameworks/MediaRemote.framework/Versions/A/MediaRemote
0x00007ff823a40000 	/System/Library/Frameworks/CoreLocation.framework/Versions/A/CoreLocation
0x00007ff92616f000 	/System/Library/PrivateFrameworks/SiriInstrumentation.framework/Versions/A/SiriInstrumentation
0x00007ffc29568000 	/System/Library/PrivateFrameworks/SiriAnalytics.framework/Versions/A/SiriAnalytics
0x00007ffc2e4ca000 	/System/Library/PrivateFrameworks/SiriTTSService.framework/Versions/A/SiriTTSService
0x00007ffc29dd6000 	/System/Library/PrivateFrameworks/SiriCrossDeviceArbitration.framework/Versions/A/SiriCrossDeviceArbitration
0x00007ff923dbf000 	/System/Library/PrivateFrameworks/FeedbackLogger.framework/Versions/A/FeedbackLogger
0x00007ff8347e8000 	/System/Library/PrivateFrameworks/ProactiveSupport.framework/Versions/A/ProactiveSupport
0x00007ffb26c20000 	/System/Library/PrivateFrameworks/BiomeLibrary.framework/Versions/A/BiomeLibrary
0x00007ff92e852000 	/System/Library/PrivateFrameworks/BiomeStreams.framework/Versions/A/BiomeStreams
0x00007ffc29e26000 	/System/Library/PrivateFrameworks/SiriCrossDeviceArbitrationFeedback.framework/Versions/A/SiriCrossDeviceArbitrationFeedback
0x00007ffb35a72000 	/System/Library/PrivateFrameworks/GenerativeModels.framework/Versions/A/GenerativeModels
0x00007ff919c2c000 	/System/Library/PrivateFrameworks/MediaServices.framework/Versions/A/MediaServices
0x00007ff82c1c2000 	/System/Library/PrivateFrameworks/IDS.framework/Versions/A/IDS
0x00007ff828da7000 	/System/Library/PrivateFrameworks/PersistentConnection.framework/Versions/A/PersistentConnection
0x00007ff82adbd000 	/System/Library/PrivateFrameworks/IMFoundation.framework/Versions/A/IMFoundation
0x00007ff919db6000 	/System/Library/PrivateFrameworks/Marco.framework/Versions/A/Marco
0x00007ff82c393000 	/System/Library/PrivateFrameworks/IDSFoundation.framework/Versions/A/IDSFoundation
0x00007ff81fadb000 	/System/Library/PrivateFrameworks/CommonUtilities.framework/Versions/A/CommonUtilities
0x00007ff838012000 	/System/Library/PrivateFrameworks/Engram.framework/Versions/A/Engram
0x00007ff837fb6000 	/usr/lib/libtidy.A.dylib
0x00007ff8290c9000 	/System/Library/PrivateFrameworks/Bom.framework/Versions/A/Bom
0x00007ff82b19a000 	/usr/lib/libParallelCompression.dylib
0x00007ff92e301000 	/System/Library/PrivateFrameworks/FTAWD.framework/Versions/A/FTAWD
0x00007ff82cd19000 	/System/Library/PrivateFrameworks/GeoServices.framework/Versions/A/GeoServices
0x00007ff82ae32000 	/System/Library/PrivateFrameworks/LocationSupport.framework/Versions/A/LocationSupport
0x00007ffb35c79000 	/System/Library/PrivateFrameworks/GeoServicesCore.framework/Versions/A/GeoServicesCore
0x00007ff91a7b1000 	/System/Library/PrivateFrameworks/PhoneNumbers.framework/Versions/A/PhoneNumbers
0x00007ffb2d6cb000 	/System/Library/PrivateFrameworks/Dendrite.framework/Versions/A/Dendrite
0x00007ffb266af000 	/System/Library/PrivateFrameworks/AtomicsInternal.framework/Versions/A/AtomicsInternal
0x00007ff934c75000 	/System/Library/PrivateFrameworks/BiomeStorage.framework/Versions/A/BiomeStorage
0x00007ffc1b250000 	/System/Library/PrivateFrameworks/IntelligencePlatformLibrary.framework/Versions/A/IntelligencePlatformLibrary
0x00007ffc2624a000 	/System/Library/PrivateFrameworks/PoirotSchematizer.framework/Versions/A/PoirotSchematizer
0x00007ffb27336000 	/System/Library/PrivateFrameworks/BiomeSync.framework/Versions/A/BiomeSync
0x00007ffb26c01000 	/System/Library/PrivateFrameworks/BiomeFlexibleStorage.framework/Versions/A/BiomeFlexibleStorage
0x00007ff92af1c000 	/System/Library/PrivateFrameworks/BiomeFoundation.framework/Versions/A/BiomeFoundation
0x00007ffb26be7000 	/System/Library/PrivateFrameworks/BiomeDSL.framework/Versions/A/BiomeDSL
0x00007ff934c15000 	/System/Library/PrivateFrameworks/BiomePubSub.framework/Versions/A/BiomePubSub
0x00007ffc262b9000 	/System/Library/PrivateFrameworks/PoirotUDFs.framework/Versions/A/PoirotUDFs
0x00007ffc26221000 	/System/Library/PrivateFrameworks/PoirotSQLite.framework/Versions/A/PoirotSQLite
0x00007ff833239000 	/System/Library/PrivateFrameworks/InternationalTextSearch.framework/Versions/A/InternationalTextSearch
0x00007ffb28641000 	/System/Library/PrivateFrameworks/CascadeSets.framework/Versions/A/CascadeSets
0x00007ff927d1e000 	/usr/lib/libtailspin.dylib
0x00007ffa1acbb000 	/System/Library/PrivateFrameworks/Osprey.framework/Versions/A/Osprey
0x00007ffc2daf7000 	/System/Library/PrivateFrameworks/SiriTTS.framework/Versions/A/SiriTTS
0x00007ff92086b000 	/System/Library/Frameworks/NaturalLanguage.framework/Versions/A/NaturalLanguage
0x00007ffc2ca54000 	/System/Library/PrivateFrameworks/SiriPowerInstrumentation.framework/Versions/A/SiriPowerInstrumentation
0x00007ff921729000 	/System/Library/PrivateFrameworks/Trial.framework/Versions/A/Trial
0x00007ff9216ad000 	/System/Library/PrivateFrameworks/TrialProto.framework/Versions/A/TrialProto
0x00007ffc35010000 	/System/Library/PrivateFrameworks/UnifiedAssetFramework.framework/Versions/A/UnifiedAssetFramework
0x00007ffa1cc42000 	/usr/lib/swift/libswiftAVFoundation.dylib
0x00007ff926f3b000 	/usr/lib/swift/libswiftCoreMIDI.dylib
0x00007ffa1b142000 	/usr/lib/swift/libswiftCoreMedia.dylib
0x00007ffa2b8b2000 	/usr/lib/swift/libswiftNaturalLanguage.dylib
0x00007ffc30ff8000 	/System/Library/PrivateFrameworks/TailspinSymbolication.framework/Versions/A/TailspinSymbolication
0x00007ffb2d44b000 	/System/Library/PrivateFrameworks/Darwinup.framework/Versions/A/Darwinup
0x00007ff933b69000 	/System/Library/PrivateFrameworks/SignpostSupport.framework/Versions/A/SignpostSupport
0x00007ff920739000 	/System/Library/PrivateFrameworks/FeatureFlagsSupport.framework/Versions/A/FeatureFlagsSupport
0x00007ff933298000 	/System/Library/PrivateFrameworks/ktrace.framework/Versions/A/ktrace
0x00007ff933e23000 	/System/Library/PrivateFrameworks/SampleAnalysis.framework/Versions/A/SampleAnalysis
0x00007ffa1c42d000 	/System/Library/PrivateFrameworks/kperfdata.framework/Versions/A/kperfdata
0x00007ff82cc3d000 	/usr/lib/libdscsym.dylib
0x00007ffa1c98c000 	/System/Library/PrivateFrameworks/BulkSymbolication.framework/Versions/A/BulkSymbolication
0x00007ff8337d0000 	/System/Library/PrivateFrameworks/Espresso.framework/Versions/A/Espresso
0x00007ff8227cf000 	/System/Library/Frameworks/CoreML.framework/Versions/A/CoreML
0x00007ffa29d13000 	/usr/lib/libedit.3.dylib
0x00007ff830bbb000 	/System/Library/PrivateFrameworks/AVFCore.framework/Versions/A/AVFCore
0x00007ff9184a8000 	/System/Library/PrivateFrameworks/AVFCapture.framework/Versions/A/AVFCapture
0x00007ffb27e9c000 	/System/Library/PrivateFrameworks/CMImaging.framework/Versions/A/CMImaging
0x00007ff9186cb000 	/System/Library/PrivateFrameworks/Quagga.framework/Versions/A/Quagga
0x00007ff9187fa000 	/System/Library/PrivateFrameworks/CMCapture.framework/Versions/A/CMCapture
0x00007ff82b26b000 	/System/Library/Frameworks/CoreMediaIO.framework/Versions/A/CoreMediaIO
0x00007ffa347b8000 	/System/Library/PrivateFrameworks/ANECompiler.framework/Versions/A/ANECompiler
0x00007ff835943000 	/System/Library/PrivateFrameworks/AppleNeuralEngine.framework/Versions/A/AppleNeuralEngine
0x00007ffb1d5fc000 	/System/Library/Frameworks/MetalPerformanceShadersGraph.framework/Versions/A/MetalPerformanceShadersGraph
0x00007ffc1d2d2000 	/System/Library/PrivateFrameworks/MLCompilerServices.framework/Versions/A/MLCompilerServices
0x00007ff8347bb000 	/System/Library/PrivateFrameworks/ANEServices.framework/Versions/A/ANEServices
0x00007ff925bb2000 	/usr/lib/libncurses.5.4.dylib
0x00007ff81bd93000 	/usr/lib/libsandbox.1.dylib
0x00007ff828b33000 	/usr/lib/libMatch.1.dylib
0x00007ffc1d274000 	/System/Library/PrivateFrameworks/MLCompilerRuntime.framework/Versions/A/MLCompilerRuntime
0x00007ffb27dcb000 	/System/Library/PrivateFrameworks/CMCaptureDevice.framework/Versions/A/CMCaptureDevice
0x00007ffb289d6000 	/System/Library/PrivateFrameworks/CinematicFraming.framework/Versions/A/CinematicFraming
0x00007ff91f89b000 	/System/Library/Frameworks/CoreMotion.framework/Versions/A/CoreMotion
0x00007ff92e7d2000 	/System/Library/PrivateFrameworks/TimeSync.framework/Versions/A/TimeSync
0x00007ffb2dbc3000 	/System/Library/PrivateFrameworks/DistributedSensing.framework/Versions/A/DistributedSensing
0x00007ff92a38a000 	/System/Library/PrivateFrameworks/MobileBluetooth.framework/Versions/A/MobileBluetooth
0x00007ff9301b1000 	/System/Library/PrivateFrameworks/IOKitten.framework/Versions/A/IOKitten
0x00007ff82657b000 	/System/Library/Frameworks/MLCompute.framework/Versions/A/MLCompute
0x00007ffc1d142000 	/System/Library/PrivateFrameworks/MLAssetIO.framework/Versions/A/MLAssetIO
0x00007ffd2140c000 	/usr/lib/swift/libswiftMLCompute.dylib
0x00007ff81a2a2000 	/System/Library/PrivateFrameworks/LanguageModeling.framework/Versions/A/LanguageModeling
0x00007ff81f011000 	/System/Library/PrivateFrameworks/Montreal.framework/Versions/A/Montreal
0x00007ff826ed3000 	/usr/lib/libcmph.dylib
0x00007ffb35b10000 	/System/Library/PrivateFrameworks/GenerativeModelsFoundation.framework/Versions/A/GenerativeModelsFoundation
0x00007ffc3352f000 	/System/Library/PrivateFrameworks/TokenGeneration.framework/Versions/A/TokenGeneration
0x00007ffb35946000 	/System/Library/PrivateFrameworks/GenerativeFunctions.framework/Versions/A/GenerativeFunctions
0x00007ffb3598b000 	/System/Library/PrivateFrameworks/GenerativeFunctionsFoundation.framework/Versions/A/GenerativeFunctionsFoundation
0x00007ffc1fedb000 	/System/Library/PrivateFrameworks/ModelCatalog.framework/Versions/A/ModelCatalog
0x00007ffc28ef3000 	/System/Library/PrivateFrameworks/SensitiveContentAnalysisML.framework/Versions/A/SensitiveContentAnalysisML
0x00007ffb35a1b000 	/System/Library/PrivateFrameworks/GenerativeFunctionsInstrumentation.framework/Versions/A/GenerativeFunctionsInstrumentation
0x00007ffc270ed000 	/System/Library/PrivateFrameworks/PromptKit.framework/Versions/A/PromptKit
0x00007ffc26c86000 	/System/Library/PrivateFrameworks/ProactiveDaemonSupport.framework/Versions/A/ProactiveDaemonSupport
0x00007ffc336a0000 	/System/Library/PrivateFrameworks/TokenGenerationCore.framework/Versions/A/TokenGenerationCore
0x00007ffc36687000 	/System/Library/PrivateFrameworks/VectorSearch.framework/Versions/A/VectorSearch
0x00007ffc20193000 	/System/Library/PrivateFrameworks/ModelManagerServices.framework/Versions/A/ModelManagerServices
0x00007ffb25230000 	/System/Library/PrivateFrameworks/AppleFlatBuffers.framework/Versions/A/AppleFlatBuffers
0x00007ff833302000 	/System/Library/PrivateFrameworks/AppleAccount.framework/Versions/A/AppleAccount
0x00007ff91a1a7000 	/System/Library/PrivateFrameworks/ProactiveEventTracker.framework/Versions/A/ProactiveEventTracker
0x00007ffb22247000 	/System/Library/PrivateFrameworks/AAAFoundation.framework/Versions/A/AAAFoundation
0x00007ff8222e0000 	/System/Library/PrivateFrameworks/ApplePushService.framework/Versions/A/ApplePushService
0x00007ff826a1a000 	/System/Library/PrivateFrameworks/AuthKit.framework/Versions/A/AuthKit
0x00007ffb2225f000 	/System/Library/PrivateFrameworks/AAAFoundationSwift.framework/Versions/A/AAAFoundationSwift
0x00007ff833497000 	/System/Library/PrivateFrameworks/AppleIDSSOAuthentication.framework/Versions/A/AppleIDSSOAuthentication
0x00007ff92dae1000 	/usr/lib/swift/libswiftCompression.dylib
0x00007ff936200000 	/System/Library/PrivateFrameworks/DeviceIdentity.framework/Versions/A/DeviceIdentity
0x00007ff82b18d000 	/System/Library/PrivateFrameworks/MultiverseSupport.framework/Versions/A/MultiverseSupport
0x00007ff82fe45000 	/System/Library/PrivateFrameworks/DiskManagement.framework/Versions/A/DiskManagement
0x00007ff82fd5f000 	/System/Library/PrivateFrameworks/AppleIDAuthSupport.framework/Versions/A/AppleIDAuthSupport
0x00007ff82b67e000 	/System/Library/PrivateFrameworks/KeychainCircle.framework/Versions/A/KeychainCircle
0x00007ff91a7b2000 	/System/Library/PrivateFrameworks/URLFormatting.framework/Versions/A/URLFormatting
0x00007ff832eb2000 	/usr/lib/libcsfde.dylib
0x00007ff828b3b000 	/usr/lib/libCoreStorage.dylib
0x00007ff82ca9a000 	/System/Library/PrivateFrameworks/ProtectedCloudStorage.framework/Versions/A/ProtectedCloudStorage
0x00007ff832eae000 	/System/Library/PrivateFrameworks/EFILogin.framework/Versions/A/EFILogin
0x00007ff919a91000 	/System/Library/PrivateFrameworks/CloudServices.framework/Versions/A/CloudServices
0x00007ff830514000 	/System/Library/PrivateFrameworks/OctagonTrust.framework/Versions/A/OctagonTrust
0x00007ffc29050000 	/System/Library/PrivateFrameworks/SentencePieceInternal.framework/Versions/A/SentencePieceInternal
0x00007ff82f13e000 	/System/Library/Frameworks/Vision.framework/Versions/A/Vision
0x00007ffb2cefd000 	/System/Library/PrivateFrameworks/CoreSceneUnderstanding.framework/Versions/A/CoreSceneUnderstanding
0x00007ffd17010000 	/System/Library/PrivateFrameworks/VisionCore.framework/Versions/A/VisionCore
0x00007ff929131000 	/System/Library/Frameworks/Vision.framework/libfaceCore.dylib
0x00007ff929e3c000 	/System/Library/PrivateFrameworks/Futhark.framework/Versions/A/Futhark
0x00007ff92d89b000 	/System/Library/PrivateFrameworks/InertiaCam.framework/Versions/A/InertiaCam
0x00007ff929bbd000 	/System/Library/PrivateFrameworks/TextRecognition.framework/Versions/A/TextRecognition
0x00007ff8289cf000 	/System/Library/PrivateFrameworks/CVNLP.framework/Versions/A/CVNLP
0x00007ffb3485b000 	/System/Library/PrivateFrameworks/GRDBInternal.framework/Versions/A/GRDBInternal
0x00007ff926f29000 	/usr/lib/swift/libswiftCoreLocation.dylib
0x00007ff82c64b000 	/System/Library/PrivateFrameworks/Sharing.framework/Versions/A/Sharing
0x00007ff832896000 	/System/Library/PrivateFrameworks/Apple80211.framework/Versions/A/Apple80211
0x00007ff825e85000 	/System/Library/Frameworks/CoreWLAN.framework/Versions/A/CoreWLAN
0x00007ff91fe74000 	/System/Library/PrivateFrameworks/FindMyDevice.framework/Versions/A/FindMyDevice
0x00007ff83716d000 	/System/Library/PrivateFrameworks/FMCoreLite.framework/Versions/A/FMCoreLite
0x00007ff81d7a8000 	/System/Library/PrivateFrameworks/CoreDuet.framework/Versions/A/CoreDuet
0x00007ff8321b2000 	/System/Library/PrivateFrameworks/CoreDuetContext.framework/Versions/A/CoreDuetContext
0x00007ff822343000 	/System/Library/Frameworks/CloudKit.framework/Versions/A/CloudKit
0x00007ff832207000 	/System/Library/Frameworks/Intents.framework/Versions/A/Intents
0x00007ff834959000 	/System/Library/PrivateFrameworks/CoreDuetDaemonProtocol.framework/Versions/A/CoreDuetDaemonProtocol
0x00007ffb1ff2c000 	/System/Library/Frameworks/SharedWithYouCore.framework/Versions/A/SharedWithYouCore
0x00007ff833733000 	/System/Library/PrivateFrameworks/C2.framework/Versions/A/C2
0x00007ffb28ccc000 	/System/Library/PrivateFrameworks/CloudAssets.framework/Versions/A/CloudAssets
0x00007ff83372b000 	/System/Library/Frameworks/PushKit.framework/Versions/A/PushKit
0x00007ff8356cc000 	/System/Library/PrivateFrameworks/RTCReporting.framework/Versions/A/RTCReporting
0x00007ff83371b000 	/System/Library/PrivateFrameworks/IntentsFoundation.framework/Versions/A/IntentsFoundation
0x00007ff82bf14000 	/System/Library/Frameworks/NetworkExtension.framework/Versions/A/NetworkExtension
0x00007ff925737000 	/System/Library/PrivateFrameworks/CaptiveNetwork.framework/Versions/A/CaptiveNetwork
0x00007ff832dba000 	/System/Library/PrivateFrameworks/EAP8021X.framework/Versions/A/EAP8021X
0x00007ff933df0000 	/System/Library/PrivateFrameworks/UIKitServices.framework/Versions/A/UIKitServices
0x000000017c1c0000 	/System/Library/Extensions/AGXMetal13_3.bundle/Contents/MacOS/AGXMetal13_3
0x00007ff919ada000 	/System/Library/PrivateFrameworks/IOGPU.framework/Versions/A/IOGPU
0x000000017b37b000 	/Users/jacobnoel/.p2/pool/plugins/org.eclipse.justj.openjdk.hotspot.jre.full.macosx.x86_64_23.0.1.v20241024-1700/jre/lib/libosxui.dylib
0x000000017b832000 	/Users/jacobnoel/.p2/pool/plugins/org.eclipse.justj.openjdk.hotspot.jre.full.macosx.x86_64_23.0.1.v20241024-1700/jre/lib/libjsound.dylib
0x000000017bb99000 	/System/Library/Components/CoreAudio.component/Contents/MacOS/CoreAudio
0x00007ffc3150a000 	/System/Library/PrivateFrameworks/TextInputUI.framework/Versions/A/TextInputUI
0x00007ffc3152a000 	/System/Library/PrivateFrameworks/TextInputUIMacHelper.framework/Versions/A/TextInputUIMacHelper
0x00007ffc285a2000 	/System/Library/PrivateFrameworks/Sage.framework/Versions/A/Sage
0x00000001fa943000 	/Users/jacobnoel/.p2/pool/plugins/org.eclipse.justj.openjdk.hotspot.jre.full.macosx.x86_64_23.0.1.v20241024-1700/jre/lib/libsyslookup.dylib
0x00000001fadb6000 	/Users/jacobnoel/.p2/pool/plugins/org.eclipse.justj.openjdk.hotspot.jre.full.macosx.x86_64_23.0.1.v20241024-1700/jre/lib/libjavajpeg.dylib
0x00007ffa33f60000 	/System/Library/PrivateFrameworks/VoiceShortcutClient.framework/Versions/A/VoiceShortcutClient
0x00007ff927a0e000 	/System/Library/PrivateFrameworks/ChronoServices.framework/Versions/A/ChronoServices
0x00007ffc27cfb000 	/System/Library/PrivateFrameworks/ReplicatorEngine.framework/Versions/A/ReplicatorEngine
0x00007ffc27e69000 	/System/Library/PrivateFrameworks/ReplicatorServices.framework/Versions/A/ReplicatorServices
0x00007ffc30c36000 	/System/Library/PrivateFrameworks/SystemWake.framework/Versions/A/SystemWake


VM Arguments:
jvm_args: -Dfile.encoding=UTF-8 -Dstdout.encoding=UTF-8 -Dstderr.encoding=UTF-8 -XX:+ShowCodeDetailsInExceptionMessages 
java_command: app.BowlingApplication
java_class_path (initial): /Users/jacobnoel/Documents/GitHub/BowlingGame/bin:/Users/jacobnoel/Documents/GitHub/BowlingGame/lib/multimedia2.jar
Launcher Type: SUN_STANDARD

[Global flags]
     intx CICompilerCount                          = 4                                         {product} {ergonomic}
     uint ConcGCThreads                            = 2                                         {product} {ergonomic}
     uint G1ConcRefinementThreads                  = 8                                         {product} {ergonomic}
   size_t G1HeapRegionSize                         = 1048576                                   {product} {ergonomic}
   size_t InitialHeapSize                          = 134217728                                 {product} {ergonomic}
   size_t MarkStackSize                            = 4194304                                   {product} {ergonomic}
   size_t MarkStackSizeMax                         = 536870912                                 {product} {ergonomic}
   size_t MaxHeapSize                              = 2147483648                                {product} {ergonomic}
   size_t MaxNewSize                               = 1287651328                                {product} {ergonomic}
   size_t MinHeapDeltaBytes                        = 1048576                                   {product} {ergonomic}
   size_t MinHeapSize                              = 8388608                                   {product} {ergonomic}
    uintx NonNMethodCodeHeapSize                   = 5836800                                {pd product} {ergonomic}
    uintx NonProfiledCodeHeapSize                  = 122912768                              {pd product} {ergonomic}
    uintx ProfiledCodeHeapSize                     = 122908672                              {pd product} {ergonomic}
    uintx ReservedCodeCacheSize                    = 251658240                              {pd product} {ergonomic}
     bool SegmentedCodeCache                       = true                                      {product} {ergonomic}
     bool ShowCodeDetailsInExceptionMessages       = true                                   {manageable} {command line}
   size_t SoftMaxHeapSize                          = 2147483648                             {manageable} {ergonomic}
     bool UseCompressedOops                        = true                           {product lp64_product} {ergonomic}
     bool UseG1GC                                  = true                                      {product} {ergonomic}
     bool UseNUMA                                  = false                                     {product} {ergonomic}
     bool UseNUMAInterleaving                      = false                                     {product} {ergonomic}

Logging:
Log output configuration:
 #0: stdout all=warning uptime,level,tags foldmultilines=false
 #1: stderr all=off uptime,level,tags foldmultilines=false

Environment Variables:
PATH=/usr/local/bin:/System/Cryptexes/App/usr/bin:/usr/bin:/bin:/usr/sbin:/sbin:/var/run/com.apple.security.cryptexd/codex.system/bootstrap/usr/local/bin:/var/run/com.apple.security.cryptexd/codex.system/bootstrap/usr/bin:/var/run/com.apple.security.cryptexd/codex.system/bootstrap/usr/appleinternal/bin
SHELL=/bin/zsh
TMPDIR=/var/folders/00/n2435f6965z7_gh605jqf6b80000gn/T/

Active Locale:
LC_ALL=C
LC_COLLATE=C
LC_CTYPE=C
LC_MESSAGES=C
LC_MONETARY=C
LC_NUMERIC=C
LC_TIME=C

Signal Handlers:
   SIGSEGV: crash_handler in libjvm.dylib, mask=11100110100111111111111111111111, flags=SA_ONSTACK|SA_RESTART|SA_SIGINFO, unblocked
    SIGBUS: crash_handler in libjvm.dylib, mask=11100110100111111111111111111111, flags=SA_RESTART|SA_SIGINFO, unblocked
    SIGFPE: crash_handler in libjvm.dylib, mask=11100110100111111111111111111111, flags=SA_RESTART|SA_SIGINFO, unblocked
   SIGPIPE: javaSignalHandler in libjvm.dylib, mask=11100110100111111111111111111111, flags=SA_RESTART|SA_SIGINFO, blocked
   SIGXFSZ: javaSignalHandler in libjvm.dylib, mask=11100110100111111111111111111111, flags=SA_RESTART|SA_SIGINFO, blocked
    SIGILL: crash_handler in libjvm.dylib, mask=11100110100111111111111111111111, flags=SA_RESTART|SA_SIGINFO, unblocked
   SIGUSR2: SR_handler in libjvm.dylib, mask=00000000000000000000000000000000, flags=SA_RESTART|SA_SIGINFO, blocked
    SIGHUP: UserHandler in libjvm.dylib, mask=11100110100111111111111111111111, flags=SA_RESTART|SA_SIGINFO, blocked
    SIGINT: UserHandler in libjvm.dylib, mask=11100110100111111111111111111111, flags=SA_RESTART|SA_SIGINFO, blocked
   SIGTERM: UserHandler in libjvm.dylib, mask=11100110100111111111111111111111, flags=SA_RESTART|SA_SIGINFO, blocked
   SIGQUIT: UserHandler in libjvm.dylib, mask=11100110100111111111111111111111, flags=SA_RESTART|SA_SIGINFO, blocked
   SIGTRAP: crash_handler in libjvm.dylib, mask=11100110100111111111111111111111, flags=SA_RESTART|SA_SIGINFO, unblocked


Periodic native trim disabled

---------------  S Y S T E M  ---------------

OS:
uname: Darwin 24.4.0 Darwin Kernel Version 24.4.0: Fri Apr 11 18:32:43 PDT 2025; root:xnu-11417.101.15~117/RELEASE_ARM64_T8103 x86_64
OS uptime: 136 days 3:10 hours
rlimit (soft/hard): STACK 8176k/65520k , CORE 0k/infinity , NPROC 1333/2000 , NOFILE 2147483647/infinity , AS infinity/infinity , CPU infinity/infinity , DATA infinity/infinity , FSIZE infinity/infinity , MEMLOCK infinity/infinity , RSS infinity/infinity
load average: 8.47 5.21 4.28

CPU: (EMULATED) total 8 (initial active 8) (1 cores per cpu, 1 threads per core) family 6 model 44 stepping 0 microcode 0x0, cx8, cmov, fxsr, mmx, sse, sse2, sse3, ssse3, sse4.1, sse4.2, popcnt, tsc, tscinvbit, aes, clmul, clflush, rdtscp
machdep.cpu.brand_string:Apple M1
hw.cpufrequency:2400000000
hw.cpufrequency_min:2400000000
hw.cpufrequency_max:2400000000
hw.cachelinesize:64
hw.l1icachesize:131072
hw.l1dcachesize:65536
hw.l2cachesize:4194304

Memory: 4k page, physical 8388608k(32276k free), swap 4194304k(1614016k free)

vm_info: OpenJDK 64-Bit Server VM (23.0.1+11) for bsd-amd64 JRE (23.0.1+11), built on 2024-10-15T00:00:00Z with clang Apple LLVM 15.0.0 (clang-1500.1.0.2.5)

END.
